date,precipitation,mean_temp,wind_speed,weather_status,max_temp,min_temp
2012-01-01,0.0,8.51,4.7,drizzle,12.8,5.0
2012-01-02,10.9,6.31,4.5,rain,10.6,2.8
2012-01-03,0.8,9.22,2.3,rain,11.7,7.2
2012-01-04,20.3,8.57,4.7,rain,12.2,5.6
2012-01-05,1.3,5.54,6.1,rain,8.9,2.8
2012-01-06,2.5,3.19,2.2,rain,4.4,2.2
2012-01-07,0.0,4.78,2.3,rain,7.2,2.8
2012-01-08,0.0,6.04,2.0,sun,10.0,2.8
2012-01-09,4.3,6.98,3.4,rain,9.4,5.0
2012-01-10,1.0,3.08,3.4,rain,6.1,0.6
2012-01-11,0.0,2.14,5.1,sun,6.1,-1.1
2012-01-12,0.0,1.81,1.9,sun,6.1,-1.7
2012-01-13,0.0,0.71,1.3,sun,5.0,-2.8
2012-01-14,4.1,2.31,5.3,snow,4.4,0.6
2012-01-15,5.3,-1.32,3.2,snow,1.1,-3.3
2012-01-16,2.5,-0.78,5.0,snow,1.7,-2.8
2012-01-17,8.1,1.48,5.6,snow,3.3,0.0
2012-01-18,19.8,-1.54,5.0,snow,0.0,-2.8
2012-01-19,15.2,-2.04,1.6,snow,-1.1,-2.8
2012-01-20,13.5,2.64,2.3,snow,7.2,-1.1
2012-01-21,3.0,5.55,8.2,rain,8.3,3.3
2012-01-22,6.1,4.23,4.8,rain,6.7,2.2
2012-01-23,0.0,4.34,3.6,rain,8.3,1.1
2012-01-24,8.6,5.71,5.1,rain,10.0,2.2
2012-01-25,8.1,6.43,5.4,rain,8.9,4.4
2012-01-26,4.8,4.61,4.8,rain,8.9,1.1
2012-01-27,0.0,1.8,1.4,drizzle,6.7,-2.2
2012-01-28,0.0,3.34,2.2,rain,6.7,0.6
2012-01-29,27.7,6.38,4.5,rain,9.4,3.9
2012-01-30,3.6,7.09,5.1,rain,8.3,6.1
2012-01-31,1.8,7.59,3.9,rain,9.4,6.1
2012-02-01,13.5,5.82,2.7,rain,8.9,3.3
2012-02-02,0.0,4.67,2.6,sun,8.3,1.7
2012-02-03,0.0,7.69,5.3,sun,14.4,2.2
2012-02-04,0.0,9.77,4.3,sun,15.6,5.0
2012-02-05,0.0,7.19,2.9,sun,13.9,1.7
2012-02-06,0.0,8.18,5.0,sun,16.1,1.7
2012-02-07,0.3,11.31,5.3,rain,15.6,7.8
2012-02-08,2.8,7.25,2.7,rain,10.0,5.0
2012-02-09,2.5,9.28,2.4,rain,11.1,7.8
2012-02-10,2.5,9.44,3.0,rain,12.8,6.7
2012-02-11,0.8,7.08,3.4,rain,8.9,5.6
2012-02-12,1.0,6.48,1.3,rain,8.3,5.0
2012-02-13,11.4,5.66,1.4,rain,7.2,4.4
2012-02-14,2.5,3.62,3.1,rain,6.7,1.1
2012-02-15,0.0,3.57,1.8,drizzle,7.2,0.6
2012-02-16,1.8,5.06,2.1,rain,7.2,3.3
2012-02-17,17.3,6.92,3.4,rain,10.0,4.4
2012-02-18,6.4,5.16,8.1,rain,6.7,3.9
2012-02-19,0.0,4.23,4.7,sun,6.7,2.2
2012-02-20,3.0,4.44,2.9,rain,7.8,1.7
2012-02-21,0.8,8.79,7.5,rain,10.0,7.8
2012-02-22,8.6,6.04,5.9,rain,10.0,2.8
2012-02-23,0.0,5.28,3.9,sun,8.3,2.8
2012-02-24,11.4,5.44,3.5,rain,6.7,4.4
2012-02-25,0.0,4.78,6.4,rain,7.2,2.8
2012-02-26,1.3,1.64,3.4,snow,5.0,-1.1
2012-02-27,0.0,1.8,3.0,sun,6.7,-2.2
2012-02-28,3.6,2.68,4.2,snow,6.7,-0.6
2012-02-29,0.8,2.86,7.0,snow,5.0,1.1
2012-03-01,0.0,3.35,3.1,sun,6.1,1.1
2012-03-02,2.0,5.16,5.1,rain,6.7,3.9
2012-03-03,0.0,9.18,7.0,sun,12.2,6.7
2012-03-04,0.0,8.46,5.6,rain,10.6,6.7
2012-03-05,6.9,4.12,6.2,rain,7.8,1.1
2012-03-06,0.5,3.02,2.7,snow,6.7,0.0
2012-03-07,0.0,3.07,2.7,sun,8.9,-1.7
2012-03-08,0.0,7.35,2.5,sun,15.6,0.6
2012-03-09,3.6,6.98,2.8,rain,9.4,5.0
2012-03-10,10.4,6.6,3.4,rain,7.2,6.1
2012-03-11,13.7,4.56,5.8,rain,6.7,2.8
2012-03-12,19.3,4.07,6.2,snow,8.3,0.6
2012-03-13,9.4,2.85,5.3,snow,5.6,0.6
2012-03-14,8.6,4.12,4.7,rain,7.8,1.1
2012-03-15,23.9,8.07,5.8,snow,11.1,5.6
2012-03-16,8.4,6.15,5.1,rain,8.9,3.9
2012-03-17,9.4,4.83,3.8,snow,10.0,0.6
2012-03-18,3.6,1.92,2.7,rain,5.0,-0.6
2012-03-19,2.0,2.64,3.0,rain,7.2,-1.1
2012-03-20,3.6,4.72,6.4,rain,7.8,2.2
2012-03-21,1.3,4.61,2.5,rain,8.9,1.1
2012-03-22,4.1,5.44,2.1,rain,10.0,1.7
2012-03-23,0.0,5.82,2.8,sun,12.2,0.6
2012-03-24,0.0,8.56,5.2,sun,15.0,3.3
2012-03-25,0.0,7.2,2.7,rain,13.3,2.2
2012-03-26,0.0,9.12,4.3,drizzle,12.8,6.1
2012-03-27,4.8,10.17,3.8,rain,14.4,6.7
2012-03-28,1.3,8.73,5.9,rain,10.6,7.2
2012-03-29,27.4,7.86,4.4,rain,10.0,6.1
2012-03-30,5.6,6.98,4.7,rain,9.4,5.0
2012-03-31,13.2,6.04,3.4,rain,10.0,2.8
2012-04-01,1.5,6.43,6.8,rain,8.9,4.4
2012-04-02,0.0,9.94,3.1,sun,16.7,4.4
2012-04-03,1.5,7.08,3.1,rain,11.7,3.3
2012-04-04,0.0,6.31,2.1,sun,10.6,2.8
2012-04-05,4.6,5.77,1.8,snow,9.4,2.8
2012-04-06,0.3,6.81,2.6,rain,11.1,3.3
2012-04-07,0.0,8.18,4.3,sun,16.1,1.7
2012-04-08,0.0,13.46,4.1,sun,21.1,7.2
2012-04-09,0.0,12.36,2.1,sun,20.0,6.1
2012-04-10,0.0,12.9,3.2,rain,17.8,8.9
2012-04-11,2.3,8.96,2.6,rain,11.1,7.2
2012-04-12,0.5,9.34,2.6,rain,13.9,5.6
2012-04-13,0.0,8.9,4.0,drizzle,15.0,3.9
2012-04-14,0.0,8.83,3.0,sun,15.6,3.3
2012-04-15,0.0,11.21,2.9,rain,16.1,7.2
2012-04-16,8.1,9.67,5.8,rain,13.3,6.7
2012-04-17,1.8,6.92,2.0,rain,10.0,4.4
2012-04-18,1.8,9.94,3.9,rain,13.3,7.2
2012-04-19,10.9,9.0,2.6,rain,13.9,5.0
2012-04-20,6.6,9.67,2.7,rain,13.3,6.7
2012-04-21,0.0,11.42,2.3,sun,20.0,4.4
2012-04-22,0.0,15.05,2.6,rain,23.3,8.3
2012-04-23,0.0,14.66,3.5,sun,21.7,8.9
2012-04-24,4.3,11.76,2.8,rain,13.9,10.0
2012-04-25,10.7,12.41,2.6,rain,16.7,8.9
2012-04-26,3.8,9.94,5.2,rain,13.9,6.7
2012-04-27,0.8,9.34,4.8,rain,13.3,6.1
2012-04-28,0.0,11.81,2.5,drizzle,16.1,8.3
2012-04-29,4.3,11.92,1.6,rain,15.6,8.9
2012-04-30,4.3,9.72,8.0,rain,12.8,7.2
2012-05-01,0.5,8.62,6.4,rain,11.7,6.1
2012-05-02,0.5,9.07,2.5,rain,13.3,5.6
2012-05-03,18.5,8.96,3.4,rain,11.1,7.2
2012-05-04,1.8,8.85,4.6,rain,12.2,6.1
2012-05-05,0.0,8.74,2.3,sun,13.3,5.0
2012-05-06,0.0,10.76,2.4,sun,17.8,5.0
2012-05-07,0.0,14.11,2.2,sun,23.9,6.1
2012-05-08,0.0,13.4,3.0,sun,18.3,9.4
2012-05-09,0.0,9.67,3.9,rain,13.3,6.7
2012-05-10,0.0,8.62,3.0,sun,14.4,3.9
2012-05-11,0.0,10.66,4.3,sun,18.3,4.4
2012-05-12,0.0,14.66,3.4,sun,24.4,6.7
2012-05-13,0.0,16.69,4.2,sun,25.6,9.4
2012-05-14,0.0,19.06,3.8,sun,26.7,12.8
2012-05-15,0.0,16.15,4.1,drizzle,24.4,9.4
2012-05-16,0.0,13.9,3.5,sun,19.4,9.4
2012-05-17,0.0,11.7,2.9,rain,17.8,6.7
2012-05-18,0.0,11.31,3.1,rain,15.6,7.8
2012-05-19,0.0,12.69,1.5,sun,19.4,7.2
2012-05-20,6.4,12.92,1.3,rain,14.4,11.7
2012-05-21,14.0,13.02,4.0,rain,16.7,10.0
2012-05-22,6.1,10.66,4.8,rain,12.8,8.9
2012-05-23,0.3,11.38,6.3,rain,14.4,8.9
2012-05-24,0.0,12.64,3.3,rain,17.2,8.9
2012-05-25,0.0,14.89,3.1,rain,22.2,8.9
2012-05-26,0.0,14.89,3.6,sun,22.2,8.9
2012-05-27,0.0,14.18,3.7,sun,17.2,11.7
2012-05-28,0.0,13.02,3.4,rain,16.7,10.0
2012-05-29,0.0,11.54,1.8,sun,16.1,7.8
2012-05-30,0.3,14.61,1.5,rain,18.9,11.1
2012-05-31,3.8,14.72,2.7,rain,17.8,12.2
2012-06-01,6.6,16.04,3.7,rain,20.0,12.8
2012-06-02,0.3,14.34,3.7,rain,18.9,10.6
2012-06-03,0.0,12.91,2.9,sun,17.2,9.4
2012-06-04,1.3,10.66,3.1,rain,12.8,8.9
2012-06-05,16.0,10.55,3.3,rain,13.3,8.3
2012-06-06,0.0,10.6,3.4,sun,16.1,6.1
2012-06-07,16.5,12.14,3.5,rain,16.1,8.9
2012-06-08,1.5,11.32,3.0,rain,15.0,8.3
2012-06-09,0.0,12.3,4.7,rain,17.2,8.3
2012-06-10,0.0,14.0,2.9,sun,18.9,10.0
2012-06-11,0.0,15.99,1.8,rain,23.3,10.0
2012-06-12,0.8,15.28,3.9,rain,18.3,12.8
2012-06-13,0.0,13.35,4.3,sun,16.1,11.1
2012-06-14,0.0,13.24,2.7,sun,17.2,10.0
2012-06-15,0.0,15.16,1.7,sun,22.2,9.4
2012-06-16,0.0,17.74,4.1,rain,21.1,15.0
2012-06-17,0.0,14.94,6.4,sun,18.9,11.7
2012-06-18,3.0,13.24,3.8,rain,17.2,10.0
2012-06-19,1.0,14.23,3.0,rain,19.4,10.0
2012-06-20,0.0,16.48,3.0,sun,24.4,10.0
2012-06-21,0.0,17.19,2.1,sun,23.9,11.7
2012-06-22,15.7,12.69,1.9,rain,13.9,11.7
2012-06-23,8.6,12.19,2.5,rain,15.6,9.4
2012-06-24,0.0,13.9,2.0,drizzle,19.4,9.4
2012-06-25,0.5,14.84,3.1,rain,19.4,11.1
2012-06-26,0.0,14.07,3.4,rain,18.3,10.6
2012-06-27,0.0,15.16,1.8,sun,22.8,8.9
2012-06-28,0.0,16.42,2.5,rain,22.2,11.7
2012-06-29,0.3,18.02,1.9,rain,21.7,15.0
2012-06-30,3.0,16.32,2.4,rain,20.0,13.3
2012-07-01,0.0,15.71,2.3,rain,20.0,12.2
2012-07-02,2.0,14.94,2.1,rain,18.9,11.7
2012-07-03,5.8,14.07,6.0,rain,18.3,10.6
2012-07-04,0.0,14.44,3.8,sun,20.6,9.4
2012-07-05,0.0,16.81,3.1,drizzle,24.4,10.6
2012-07-06,0.0,17.36,2.1,sun,25.0,11.1
2012-07-07,0.0,19.06,3.8,sun,26.7,12.8
2012-07-08,0.0,20.66,2.8,rain,28.3,14.4
2012-07-09,1.5,18.29,2.0,rain,25.0,12.8
2012-07-10,0.0,16.86,2.3,drizzle,23.9,11.1
2012-07-11,0.0,19.83,2.9,fog,27.8,13.3
2012-07-12,0.0,18.84,2.7,drizzle,25.6,13.3
2012-07-13,0.5,18.13,2.2,rain,23.3,13.9
2012-07-14,0.0,19.5,2.2,rain,25.0,15.0
2012-07-15,0.0,15.82,3.8,rain,18.9,13.3
2012-07-16,0.3,19.06,2.5,rain,26.1,13.3
2012-07-17,0.0,18.02,2.6,sun,21.7,15.0
2012-07-18,0.0,17.42,2.9,sun,21.1,14.4
2012-07-19,0.0,19.17,2.2,sun,25.0,14.4
2012-07-20,15.2,16.38,4.0,rain,19.4,13.9
2012-07-21,0.0,18.4,2.3,sun,23.9,13.9
2012-07-22,1.0,15.98,3.9,rain,20.6,12.2
2012-07-23,0.0,14.61,3.3,rain,18.9,11.1
2012-07-24,0.0,17.2,4.3,sun,23.3,12.2
2012-07-25,0.0,19.06,2.6,sun,26.7,12.8
2012-07-26,0.0,18.56,2.2,drizzle,25.6,12.8
2012-07-27,0.0,16.15,2.8,drizzle,18.9,13.9
2012-07-28,0.0,17.3,1.7,drizzle,22.2,13.3
2012-07-29,0.0,18.51,2.0,sun,22.8,15.0
2012-07-30,0.0,16.05,3.0,sun,19.4,13.3
2012-07-31,0.0,17.9,2.8,sun,22.8,13.9
2012-08-01,0.0,18.07,2.2,drizzle,23.9,13.3
2012-08-02,0.0,17.2,2.5,sun,23.3,12.2
2012-08-03,0.0,19.28,3.9,sun,27.2,12.8
2012-08-04,0.0,24.44,3.7,sun,33.9,16.7
2012-08-05,0.0,25.04,1.9,sun,33.9,17.8
2012-08-06,0.0,21.32,2.5,rain,28.3,15.6
2012-08-07,0.0,17.74,2.6,drizzle,21.1,15.0
2012-08-08,0.0,18.24,3.1,sun,22.2,15.0
2012-08-09,0.0,18.9,3.8,drizzle,24.4,14.4
2012-08-10,0.0,18.23,2.3,sun,25.6,12.2
2012-08-11,0.0,20.05,2.5,sun,28.3,13.3
2012-08-12,0.0,22.02,3.0,sun,30.6,15.0
2012-08-13,0.0,22.02,2.8,sun,30.6,15.0
2012-08-14,0.0,20.65,2.8,sun,28.9,13.9
2012-08-15,0.0,23.18,4.7,sun,31.1,16.7
2012-08-16,0.0,25.54,2.8,sun,34.4,18.3
2012-08-17,0.0,23.62,1.8,sun,32.8,16.1
2012-08-18,0.0,17.69,3.0,drizzle,21.7,14.4
2012-08-19,0.0,18.74,2.7,drizzle,23.3,15.0
2012-08-20,0.0,19.77,1.9,sun,25.6,15.0
2012-08-21,0.0,17.8,3.0,rain,23.3,13.3
2012-08-22,0.0,17.3,2.3,sun,22.2,13.3
2012-08-23,0.0,17.14,3.8,sun,21.1,13.9
2012-08-24,0.0,15.49,3.3,sun,22.2,10.0
2012-08-25,0.0,18.18,3.2,sun,26.1,11.7
2012-08-26,0.0,16.21,3.4,sun,21.1,12.2
2012-08-27,0.0,18.07,1.8,sun,23.9,13.3
2012-08-28,0.0,16.97,3.2,sun,22.8,12.2
2012-08-29,0.0,17.58,2.4,sun,22.8,13.3
2012-08-30,0.0,17.3,1.9,sun,22.8,12.8
2012-08-31,0.0,15.82,2.9,sun,22.2,10.6
2012-09-01,0.0,15.6,2.1,sun,21.7,10.6
2012-09-02,0.0,15.0,2.0,sun,21.1,10.0
2012-09-03,0.0,17.3,3.3,sun,22.8,12.8
2012-09-04,0.0,17.08,3.1,sun,24.4,11.1
2012-09-05,0.0,18.18,2.6,sun,26.1,11.7
2012-09-06,0.0,20.66,4.2,sun,28.3,14.4
2012-09-07,0.0,21.81,3.1,sun,32.2,13.3
2012-09-08,0.0,18.57,3.0,sun,25.0,13.3
2012-09-09,0.3,16.15,5.0,rain,18.9,13.9
2012-09-10,0.3,15.44,3.9,rain,20.0,11.7
2012-09-11,0.0,13.9,4.2,sun,20.0,8.9
2012-09-12,0.0,15.49,5.6,sun,22.2,10.0
2012-09-13,0.0,18.94,3.6,sun,27.8,11.7
2012-09-14,0.0,17.85,1.5,sun,26.1,11.1
2012-09-15,0.0,16.1,1.9,sun,22.2,11.1
2012-09-16,0.0,16.15,2.3,sun,24.4,9.4
2012-09-17,0.0,18.94,2.2,fog,27.8,11.7
2012-09-18,0.0,18.94,1.4,sun,27.8,11.7
2012-09-19,0.0,17.19,1.9,drizzle,23.9,11.7
2012-09-20,0.0,14.23,2.5,drizzle,19.4,10.0
2012-09-21,0.0,14.29,2.1,drizzle,16.1,12.8
2012-09-22,0.3,15.16,1.1,rain,19.4,11.7
2012-09-23,0.0,14.23,1.4,fog,19.4,10.0
2012-09-24,0.0,15.0,1.8,fog,21.1,10.0
2012-09-25,0.0,14.84,1.7,sun,19.4,11.1
2012-09-26,0.0,13.9,1.7,drizzle,19.4,9.4
2012-09-27,0.0,15.76,1.7,drizzle,22.8,10.0
2012-09-28,0.0,17.96,1.1,rain,25.0,12.2
2012-09-29,0.0,15.98,4.3,sun,20.6,12.2
2012-09-30,0.0,13.78,3.1,sun,21.1,7.8
2012-10-01,0.0,15.38,3.0,sun,23.3,8.9
2012-10-02,0.0,13.51,4.1,sun,17.8,10.0
2012-10-03,0.0,12.79,7.3,sun,18.9,7.8
2012-10-04,0.0,13.07,6.5,sun,18.9,8.3
2012-10-05,0.0,14.66,5.7,sun,21.7,8.9
2012-10-06,0.0,15.04,5.1,sun,23.9,7.8
2012-10-07,0.0,15.04,1.3,sun,23.9,7.8
2012-10-08,0.0,13.78,1.9,sun,21.1,7.8
2012-10-09,0.0,12.14,1.6,drizzle,16.1,8.9
2012-10-10,0.0,10.06,1.4,drizzle,12.2,8.3
2012-10-11,0.0,10.22,1.3,drizzle,13.9,7.2
2012-10-12,2.0,11.15,4.6,rain,13.9,8.9
2012-10-13,4.8,13.73,3.9,rain,15.6,12.2
2012-10-14,16.5,15.32,3.4,rain,17.8,13.3
2012-10-15,7.9,13.84,4.6,rain,17.2,11.1
2012-10-16,0.0,11.81,5.5,sun,16.1,8.3
2012-10-17,0.0,9.84,1.6,sun,14.4,6.1
2012-10-18,20.8,11.7,2.0,rain,17.8,6.7
2012-10-19,4.8,11.92,5.3,rain,15.0,9.4
2012-10-20,0.5,8.35,5.7,rain,11.1,6.1
2012-10-21,6.4,7.68,2.7,rain,11.7,4.4
2012-10-22,8.9,5.32,2.6,rain,7.8,3.3
2012-10-23,0.0,8.07,3.0,rain,11.1,5.6
2012-10-24,7.1,8.62,2.1,rain,11.7,6.1
2012-10-25,0.0,8.95,1.5,sun,11.7,6.7
2012-10-26,1.5,8.96,2.5,rain,11.1,7.2
2012-10-27,23.1,11.65,5.1,rain,14.4,9.4
2012-10-28,6.1,11.98,3.8,rain,14.4,10.0
2012-10-29,10.9,12.52,4.9,rain,15.6,10.0
2012-10-30,34.5,13.46,2.8,rain,15.0,12.2
2012-10-31,14.5,13.12,2.7,rain,15.6,11.1
2012-11-01,9.7,12.58,3.0,rain,15.0,10.6
2012-11-02,5.6,12.58,1.0,rain,15.0,10.6
2012-11-03,0.5,13.12,3.6,rain,15.6,11.1
2012-11-04,8.1,15.05,3.8,rain,17.8,12.8
2012-11-05,0.8,11.04,4.0,rain,15.0,7.8
2012-11-06,0.3,9.44,3.5,rain,12.8,6.7
2012-11-07,0.0,7.64,3.4,rain,12.2,3.9
2012-11-08,0.0,5.11,3.4,rain,10.0,1.1
2012-11-09,0.0,4.61,2.0,rain,8.9,1.1
2012-11-10,0.0,3.18,2.2,sun,7.8,-0.6
2012-11-11,15.2,4.61,3.0,rain,8.9,1.1
2012-11-12,3.6,9.12,3.0,rain,12.8,6.1
2012-11-13,5.3,9.28,2.5,rain,11.1,7.8
2012-11-14,0.8,7.74,2.6,rain,11.1,5.0
2012-11-15,0.0,5.77,2.4,drizzle,9.4,2.8
2012-11-16,5.6,5.44,1.6,rain,9.4,2.2
2012-11-17,6.1,8.85,5.3,rain,12.2,6.1
2012-11-18,7.9,7.86,4.9,rain,10.0,6.1
2012-11-19,54.1,10.55,6.0,rain,13.3,8.3
2012-11-20,3.8,8.96,4.2,rain,11.1,7.2
2012-11-21,11.2,5.88,5.5,rain,8.3,3.9
2012-11-22,0.0,5.54,1.5,rain,8.9,2.8
2012-11-23,32.0,7.59,2.4,rain,9.4,6.1
2012-11-24,0.0,6.15,1.2,rain,8.9,3.9
2012-11-25,0.0,4.34,3.6,drizzle,8.3,1.1
2012-11-26,0.0,5.17,3.8,fog,9.4,1.7
2012-11-27,0.0,5.44,1.5,sun,10.0,1.7
2012-11-28,2.8,5.44,2.9,rain,9.4,2.2
2012-11-29,1.5,10.05,4.2,rain,12.8,7.8
2012-11-30,35.6,11.04,4.6,rain,15.0,7.8
2012-12-01,4.1,10.55,5.5,rain,13.3,8.3
2012-12-02,19.6,7.7,6.2,rain,8.3,7.2
2012-12-03,13.0,8.19,4.4,rain,9.4,7.2
2012-12-04,14.2,9.22,6.2,rain,11.7,7.2
2012-12-05,1.5,6.43,5.0,rain,8.9,4.4
2012-12-06,1.5,6.6,5.1,rain,7.2,6.1
2012-12-07,1.0,5.32,4.6,rain,7.8,3.3
2012-12-08,0.0,4.83,2.0,sun,6.7,3.3
2012-12-09,1.5,4.56,2.1,rain,6.7,2.8
2012-12-10,0.5,6.32,1.8,rain,7.2,5.6
2012-12-11,3.0,6.59,4.5,rain,7.8,5.6
2012-12-12,8.1,5.44,2.0,rain,6.7,4.4
2012-12-13,2.3,5.06,2.8,rain,7.2,3.3
2012-12-14,7.9,3.35,1.7,rain,6.1,1.1
2012-12-15,5.3,2.31,5.1,snow,4.4,0.6
2012-12-16,22.6,4.83,5.5,snow,6.7,3.3
2012-12-17,2.0,4.67,9.5,rain,8.3,1.7
2012-12-18,3.3,2.08,5.3,snow,3.9,0.6
2012-12-19,13.7,4.67,5.8,snow,8.3,1.7
2012-12-20,13.2,3.57,3.7,rain,7.2,0.6
2012-12-21,1.8,2.8,1.7,rain,8.3,-1.7
2012-12-22,3.3,5.88,3.5,rain,8.3,3.9
2012-12-23,6.6,5.06,2.5,rain,7.2,3.3
2012-12-24,0.3,4.06,2.8,rain,5.6,2.8
2012-12-25,13.5,4.06,4.2,snow,5.6,2.8
2012-12-26,4.6,4.83,4.9,rain,6.7,3.3
2012-12-27,4.1,5.32,3.2,rain,7.8,3.3
2012-12-28,0.0,5.88,1.7,rain,8.3,3.9
2012-12-29,1.5,4.06,1.7,rain,5.0,3.3
2012-12-30,0.0,1.98,1.8,drizzle,4.4,0.0
2012-12-31,0.0,0.88,2.0,drizzle,3.3,-1.1
2013-01-01,0.0,0.71,2.7,sun,5.0,-2.8
2013-01-02,0.0,2.14,3.2,sun,6.1,-1.1
2013-01-03,4.1,2.08,3.0,rain,6.7,-1.7
2013-01-04,2.5,5.71,2.8,rain,10.0,2.2
2013-01-05,3.0,5.44,3.1,rain,6.7,4.4
2013-01-06,2.0,4.78,3.0,rain,7.2,2.8
2013-01-07,2.3,6.92,7.3,rain,10.0,4.4
2013-01-08,16.3,8.34,6.3,rain,11.7,5.6
2013-01-09,38.4,5.44,5.1,rain,10.0,1.7
2013-01-10,0.3,1.15,2.1,snow,3.3,-0.6
2013-01-11,0.0,-0.28,1.9,drizzle,2.8,-2.8
2013-01-12,0.0,-0.88,2.0,sun,2.8,-3.9
2013-01-13,0.0,-1.43,1.5,sun,2.2,-4.4
2013-01-14,0.0,0.27,1.3,sun,3.3,-2.2
2013-01-15,0.0,2.68,2.3,sun,6.7,-0.6
2013-01-16,0.0,0.6,1.8,drizzle,6.1,-3.9
2013-01-17,0.0,0.21,1.0,drizzle,3.9,-2.8
2013-01-18,0.0,0.88,1.3,drizzle,3.3,-1.1
2013-01-19,0.0,0.17,1.9,drizzle,1.1,-0.6
2013-01-20,0.0,1.15,2.1,drizzle,3.3,-0.6
2013-01-21,0.0,0.06,1.1,drizzle,2.2,-1.7
2013-01-22,0.0,0.55,0.6,drizzle,3.3,-1.7
2013-01-23,5.1,4.45,3.1,rain,7.2,2.2
2013-01-24,5.8,3.84,2.6,rain,7.2,1.1
2013-01-25,3.0,6.31,2.1,rain,10.6,2.8
2013-01-26,2.3,5.88,4.5,rain,8.3,3.9
2013-01-27,1.8,4.66,4.5,rain,5.6,3.9
2013-01-28,7.9,4.56,3.2,rain,6.1,3.3
2013-01-29,4.3,6.48,3.9,rain,8.3,5.0
2013-01-30,3.6,7.69,3.9,rain,8.9,6.7
2013-01-31,3.0,8.19,4.0,rain,9.4,7.2
2013-02-01,0.3,8.02,2.9,rain,11.7,5.0
2013-02-02,0.0,4.28,2.0,drizzle,6.1,2.8
2013-02-03,2.3,5.54,2.9,rain,8.9,2.8
2013-02-04,0.0,8.46,2.6,rain,10.6,6.7
2013-02-05,3.3,8.18,5.1,rain,10.0,6.7
2013-02-06,1.0,8.12,4.5,rain,10.6,6.1
2013-02-07,1.3,6.04,4.1,rain,9.4,3.3
2013-02-08,0.0,4.72,1.3,sun,7.8,2.2
2013-02-09,0.3,6.16,1.3,rain,8.3,4.4
2013-02-10,0.0,4.94,2.0,drizzle,8.9,1.7
2013-02-11,0.3,6.16,1.4,rain,8.3,4.4
2013-02-12,1.0,8.96,5.6,rain,11.1,7.2
2013-02-13,2.3,8.19,4.1,rain,9.4,7.2
2013-02-14,1.0,7.31,2.2,rain,9.4,5.6
2013-02-15,0.0,8.74,2.4,drizzle,13.3,5.0
2013-02-16,0.0,7.14,5.6,rain,11.1,3.9
2013-02-17,0.0,6.65,3.4,rain,9.4,4.4
2013-02-18,0.0,5.65,1.9,rain,7.8,3.9
2013-02-19,0.0,5.7,3.4,sun,10.6,1.7
2013-02-20,1.5,4.12,2.1,rain,7.8,1.1
2013-02-21,0.5,5.16,6.2,rain,6.7,3.9
2013-02-22,9.4,5.65,8.1,rain,7.8,3.9
2013-02-23,0.3,6.64,4.6,rain,10.0,3.9
2013-02-24,0.0,6.76,5.5,rain,8.9,5.0
2013-02-25,2.3,6.58,7.1,rain,10.6,3.3
2013-02-26,0.5,6.15,3.8,rain,8.9,3.9
2013-02-27,4.6,6.92,1.8,rain,10.0,4.4
2013-02-28,8.1,8.95,3.8,rain,11.7,6.7
2013-03-01,4.1,12.86,5.4,rain,15.0,11.1
2013-03-02,0.8,9.0,4.5,rain,13.9,5.0
2013-03-03,0.0,6.2,2.8,sun,11.1,2.2
2013-03-04,0.0,5.98,3.9,sun,13.3,0.0
2013-03-05,0.0,7.59,2.4,rain,9.4,6.1
2013-03-06,11.9,5.99,4.1,rain,7.2,5.0
2013-03-07,7.4,8.24,2.5,rain,12.2,5.0
2013-03-08,0.0,6.48,2.6,drizzle,11.7,2.2
2013-03-09,0.0,6.37,1.3,fog,12.8,1.1
2013-03-10,0.8,5.65,1.6,rain,7.8,3.9
2013-03-11,1.3,8.12,1.1,rain,10.6,6.1
2013-03-12,2.0,11.26,5.7,rain,12.8,10.0
2013-03-13,2.3,10.44,3.7,rain,11.7,9.4
2013-03-14,2.8,10.44,3.0,rain,11.7,9.4
2013-03-15,0.0,11.38,4.3,rain,14.4,8.9
2013-03-16,4.3,7.19,6.4,rain,10.6,4.4
2013-03-17,0.0,6.15,6.1,sun,8.9,3.9
2013-03-18,0.0,7.41,5.9,rain,11.7,3.9
2013-03-19,11.7,6.7,3.4,rain,12.8,1.7
2013-03-20,9.9,7.42,7.6,rain,11.1,4.4
2013-03-21,8.1,5.71,4.9,snow,10.0,2.2
2013-03-22,0.0,4.56,2.2,sun,9.4,0.6
2013-03-23,0.0,5.11,2.6,sun,10.0,1.1
2013-03-24,0.0,5.82,2.1,sun,12.2,0.6
2013-03-25,0.0,9.94,2.8,sun,16.7,4.4
2013-03-26,0.0,10.87,1.7,sun,16.7,6.1
2013-03-27,0.3,9.94,1.6,rain,13.3,7.2
2013-03-28,2.0,11.81,1.3,rain,16.1,8.3
2013-03-29,0.0,12.53,2.5,rain,18.3,7.8
2013-03-30,0.0,12.08,4.4,drizzle,20.0,5.6
2013-03-31,0.0,12.96,2.9,sun,20.6,6.7
2013-04-01,0.0,12.3,3.6,sun,17.2,8.3
2013-04-02,0.0,11.15,2.2,sun,13.9,8.9
2013-04-03,0.0,11.8,1.6,sun,16.7,7.8
2013-04-04,8.4,11.98,3.0,rain,14.4,10.0
2013-04-05,18.5,11.76,5.6,rain,13.9,10.0
2013-04-06,12.7,9.45,5.0,rain,12.2,7.2
2013-04-07,39.1,6.48,3.9,rain,8.3,5.0
2013-04-08,0.8,9.34,3.1,rain,13.3,6.1
2013-04-09,0.0,8.85,2.4,sun,12.2,6.1
2013-04-10,9.4,11.64,6.4,rain,15.0,8.9
2013-04-11,1.5,9.18,3.8,rain,12.2,6.7
2013-04-12,9.7,5.93,4.6,rain,7.8,4.4
2013-04-13,9.4,6.58,5.7,rain,10.6,3.3
2013-04-14,5.8,8.18,2.3,rain,12.8,4.4
2013-04-15,0.0,8.68,2.4,fog,13.9,4.4
2013-04-16,0.3,8.07,2.6,rain,13.9,3.3
2013-04-17,0.0,8.9,3.3,drizzle,15.0,3.9
2013-04-18,5.3,8.95,4.0,rain,11.7,6.7
2013-04-19,20.6,11.16,4.9,rain,13.3,9.4
2013-04-20,0.0,10.82,5.8,sun,13.9,8.3
2013-04-21,3.3,9.18,4.1,rain,12.2,6.7
2013-04-22,0.0,10.0,4.3,sun,16.1,5.0
2013-04-23,0.0,10.15,2.8,sun,17.8,3.9
2013-04-24,0.0,12.85,3.0,sun,21.1,6.1
2013-04-25,0.0,13.45,1.1,sun,21.7,6.7
2013-04-26,0.0,13.84,2.2,fog,20.6,8.3
2013-04-27,0.0,12.08,5.9,sun,13.9,10.6
2013-04-28,1.0,11.92,5.2,rain,15.0,9.4
2013-04-29,3.8,9.94,4.2,rain,13.9,6.7
2013-04-30,0.0,8.18,2.4,sun,12.8,4.4
2013-05-01,0.0,10.05,3.1,sun,18.3,3.3
2013-05-02,0.0,12.96,4.0,sun,20.6,6.7
2013-05-03,0.0,14.94,4.9,sun,21.7,9.4
2013-05-04,0.0,17.36,6.5,sun,25.0,11.1
2013-05-05,0.0,19.44,5.3,sun,28.9,11.7
2013-05-06,0.0,20.48,2.0,sun,30.6,12.2
2013-05-07,0.0,15.38,3.3,sun,20.6,11.1
2013-05-08,0.0,14.84,1.9,sun,19.4,11.1
2013-05-09,0.0,15.76,1.3,sun,22.8,10.0
2013-05-10,0.0,16.92,1.0,sun,26.1,9.4
2013-05-11,0.0,18.95,2.6,sun,27.2,12.2
2013-05-12,6.6,17.41,3.9,rain,21.7,13.9
2013-05-13,3.3,13.68,5.0,rain,18.9,9.4
2013-05-14,0.0,12.53,2.4,sun,18.3,7.8
2013-05-15,1.0,12.64,2.3,rain,17.2,8.9
2013-05-16,0.0,16.48,2.7,fog,21.7,12.2
2013-05-17,0.5,14.18,3.7,rain,17.2,11.7
2013-05-18,0.0,13.62,2.9,sun,16.7,11.1
2013-05-19,0.0,14.07,2.3,sun,18.3,10.6
2013-05-20,0.0,13.9,1.8,sun,19.4,9.4
2013-05-21,13.7,11.58,4.8,rain,15.6,8.3
2013-05-22,13.7,8.96,3.0,rain,11.1,7.2
2013-05-23,4.1,9.18,1.9,rain,12.2,6.7
2013-05-24,0.3,12.41,2.7,rain,16.7,8.9
2013-05-25,0.0,13.51,2.7,sun,17.8,10.0
2013-05-26,1.5,14.07,2.2,rain,18.3,10.6
2013-05-27,9.7,13.62,3.1,rain,16.7,11.1
2013-05-28,0.5,14.18,2.8,rain,17.2,11.7
2013-05-29,5.6,12.42,4.0,rain,16.1,9.4
2013-05-30,0.0,12.68,5.3,sun,16.7,9.4
2013-05-31,0.0,14.84,2.5,sun,19.4,11.1
2013-06-01,0.0,16.97,2.5,sun,22.8,12.2
2013-06-02,1.0,15.98,3.1,rain,20.6,12.2
2013-06-03,0.0,16.1,2.9,sun,22.2,11.1
2013-06-04,0.0,18.46,3.4,sun,26.1,12.2
2013-06-05,0.0,19.94,3.1,sun,26.7,14.4
2013-06-06,0.0,18.73,2.5,sun,26.7,12.2
2013-06-07,0.0,17.08,3.2,sun,21.7,13.3
2013-06-08,0.0,16.31,3.1,sun,20.6,12.8
2013-06-09,0.0,15.38,3.7,sun,20.6,11.1
2013-06-10,0.0,16.2,3.2,sun,21.7,11.7
2013-06-11,0.0,14.5,5.7,sun,20.0,10.0
2013-06-12,0.3,15.71,4.2,rain,20.6,11.7
2013-06-13,0.0,15.93,2.6,sun,21.1,11.7
2013-06-14,0.0,15.71,3.7,sun,20.0,12.2
2013-06-15,0.0,17.02,2.9,sun,25.6,10.0
2013-06-16,0.0,17.8,3.4,sun,23.9,12.8
2013-06-17,0.0,19.17,3.0,sun,25.6,13.9
2013-06-18,0.3,17.8,3.4,rain,23.3,13.3
2013-06-19,0.0,16.04,3.7,sun,20.0,12.8
2013-06-20,3.0,14.78,5.0,rain,17.2,12.8
2013-06-21,0.3,15.98,1.5,rain,20.6,12.2
2013-06-22,0.0,17.96,1.7,sun,25.6,11.7
2013-06-23,7.9,18.24,2.1,rain,22.2,15.0
2013-06-24,4.8,17.14,3.7,rain,21.1,13.9
2013-06-25,9.9,18.4,2.8,rain,23.3,14.4
2013-06-26,2.0,18.24,2.3,rain,22.2,15.0
2013-06-27,3.6,18.68,1.3,rain,21.1,16.7
2013-06-28,0.0,22.63,2.2,sun,30.6,16.1
2013-06-29,0.0,23.56,1.7,sun,30.0,18.3
2013-06-30,0.0,24.72,2.5,sun,33.9,17.2
2013-07-01,0.0,24.33,2.3,sun,31.7,18.3
2013-07-02,0.0,21.32,3.0,sun,28.3,15.6
2013-07-03,0.0,20.93,3.2,sun,26.1,16.7
2013-07-04,0.0,17.41,2.2,fog,21.7,13.9
2013-07-05,0.0,18.13,2.6,sun,23.3,13.9
2013-07-06,0.0,19.06,2.2,sun,26.1,13.3
2013-07-07,0.0,18.4,2.9,sun,23.9,13.9
2013-07-08,0.0,19.33,2.8,sun,26.7,13.3
2013-07-09,0.0,21.75,2.5,sun,30.0,15.0
2013-07-10,0.0,17.64,2.6,sun,22.2,13.9
2013-07-11,0.0,16.97,3.0,sun,22.8,12.2
2013-07-12,0.0,16.05,2.2,sun,19.4,13.3
2013-07-13,0.0,17.85,3.1,sun,26.1,11.1
2013-07-14,0.0,19.55,3.0,sun,27.8,12.8
2013-07-15,0.0,20.43,4.6,sun,27.8,14.4
2013-07-16,0.0,24.06,4.1,sun,31.1,18.3
2013-07-17,0.0,18.24,3.7,sun,22.2,15.0
2013-07-18,0.0,19.39,2.0,sun,26.1,13.9
2013-07-19,0.0,19.83,1.9,sun,27.8,13.3
2013-07-20,0.0,18.57,2.0,sun,25.0,13.3
2013-07-21,0.0,17.8,2.3,sun,23.9,12.8
2013-07-22,0.0,19.06,2.4,fog,26.1,13.3
2013-07-23,0.0,21.64,3.0,sun,31.1,13.9
2013-07-24,0.0,21.92,2.5,sun,31.1,14.4
2013-07-25,0.0,21.04,2.3,sun,31.1,12.8
2013-07-26,0.0,21.92,2.9,sun,31.1,14.4
2013-07-27,0.0,18.56,2.6,sun,25.6,12.8
2013-07-28,0.0,16.21,3.4,fog,21.1,12.2
2013-07-29,0.0,18.57,1.4,sun,25.0,13.3
2013-07-30,0.0,18.57,2.8,sun,25.0,13.3
2013-07-31,0.0,17.08,1.8,sun,21.7,13.3
2013-08-01,0.0,16.58,3.9,sun,20.6,13.3
2013-08-02,2.0,15.99,2.0,rain,17.2,15.0
2013-08-03,0.0,19.83,2.4,fog,25.0,15.6
2013-08-04,0.0,21.26,3.4,sun,28.9,15.0
2013-08-05,0.0,21.75,2.1,sun,30.0,15.0
2013-08-06,0.0,21.42,1.4,sun,30.6,13.9
2013-08-07,0.0,21.64,1.9,sun,31.1,13.9
2013-08-08,0.0,20.66,2.5,sun,28.3,14.4
2013-08-09,0.0,20.66,2.1,sun,28.3,14.4
2013-08-10,2.3,19.77,2.9,rain,25.6,15.0
2013-08-11,0.0,19.17,2.9,sun,25.0,14.4
2013-08-12,0.0,20.38,1.9,sun,25.6,16.1
2013-08-13,0.0,20.76,1.8,sun,27.8,15.0
2013-08-14,0.8,20.49,2.0,rain,27.2,15.0
2013-08-15,1.8,18.96,1.0,rain,21.1,17.2
2013-08-16,0.0,21.86,2.2,fog,28.9,16.1
2013-08-17,0.0,20.98,3.0,sun,25.6,17.2
2013-08-18,0.0,20.33,3.1,sun,26.1,15.6
2013-08-19,0.0,20.6,3.0,sun,26.7,15.6
2013-08-20,0.0,20.38,4.6,sun,25.6,16.1
2013-08-21,0.0,20.76,4.3,sun,27.8,15.0
2013-08-22,0.0,21.26,1.9,sun,28.9,15.0
2013-08-23,0.0,20.11,4.1,sun,25.0,16.1
2013-08-24,0.0,20.44,2.7,sun,25.0,16.7
2013-08-25,0.3,18.85,2.6,rain,22.2,16.1
2013-08-26,1.0,19.84,1.9,rain,24.4,16.1
2013-08-27,1.3,21.48,1.4,rain,26.7,17.2
2013-08-28,5.6,20.6,1.3,rain,26.7,15.6
2013-08-29,19.3,20.82,3.0,rain,23.9,18.3
2013-08-30,0.0,20.6,2.9,sun,26.1,16.1
2013-08-31,0.0,20.16,2.6,sun,27.8,13.9
2013-09-01,0.0,21.09,2.5,sun,27.8,15.6
2013-09-02,0.0,21.97,2.1,sun,27.8,17.2
2013-09-03,2.3,20.44,1.7,rain,25.0,16.7
2013-09-04,0.3,19.12,2.4,rain,22.8,16.1
2013-09-05,27.7,17.58,2.5,rain,20.0,15.6
2013-09-06,21.3,18.62,2.6,rain,21.7,16.1
2013-09-07,0.0,19.94,2.0,sun,23.3,17.2
2013-09-08,0.0,19.94,1.5,fog,26.7,14.4
2013-09-09,0.0,19.39,2.1,sun,26.1,13.9
2013-09-10,0.0,20.26,3.7,sun,26.7,15.0
2013-09-11,0.0,24.11,2.4,sun,33.9,16.1
2013-09-12,0.0,19.77,1.7,sun,25.6,15.0
2013-09-13,0.0,17.08,2.0,sun,18.9,15.6
2013-09-14,0.0,18.34,1.4,fog,21.7,15.6
2013-09-15,3.3,16.42,2.2,rain,18.9,14.4
2013-09-16,0.3,18.02,4.3,rain,21.7,15.0
2013-09-17,0.0,15.66,2.3,sun,17.8,13.9
2013-09-18,0.0,16.81,2.5,sun,21.1,13.3
2013-09-19,0.0,17.02,1.5,sun,25.6,10.0
2013-09-20,3.6,17.8,3.0,rain,23.3,13.3
2013-09-21,0.0,16.81,2.5,sun,21.1,13.3
2013-09-22,13.5,15.06,5.5,rain,17.2,13.3
2013-09-23,2.8,13.35,4.5,rain,16.1,11.1
2013-09-24,0.0,13.51,2.6,sun,17.8,10.0
2013-09-25,2.0,12.42,3.0,rain,16.1,9.4
2013-09-26,0.0,11.7,2.2,sun,17.2,7.2
2013-09-27,1.0,12.08,4.3,rain,13.9,10.6
2013-09-28,43.4,13.95,6.0,rain,16.7,11.7
2013-09-29,16.8,12.58,7.1,rain,14.4,11.1
2013-09-30,18.5,11.76,6.3,rain,13.9,10.0
2013-10-01,7.9,11.38,4.7,rain,14.4,8.9
2013-10-02,5.3,10.93,2.4,rain,12.8,9.4
2013-10-03,0.8,11.38,0.9,rain,14.4,8.9
2013-10-04,0.0,11.09,1.1,sun,17.8,5.6
2013-10-05,0.0,13.57,1.6,sun,20.0,8.3
2013-10-06,4.1,14.55,2.6,rain,22.8,7.8
2013-10-07,0.5,13.68,6.3,rain,16.1,11.7
2013-10-08,6.9,10.54,3.0,rain,13.9,7.8
2013-10-09,0.0,9.83,1.6,sun,15.0,5.6
2013-10-10,1.0,11.05,1.7,rain,14.4,8.3
2013-10-11,9.1,12.08,1.0,rain,13.9,10.6
2013-10-12,1.0,11.38,2.2,rain,14.4,8.9
2013-10-13,0.0,10.44,1.8,fog,15.0,6.7
2013-10-14,0.0,9.16,1.6,sun,15.6,3.9
2013-10-15,0.0,9.77,0.9,sun,15.6,5.0
2013-10-16,0.0,10.66,2.7,fog,12.8,8.9
2013-10-17,0.0,11.38,1.7,fog,14.4,8.9
2013-10-18,0.0,9.72,1.2,sun,12.8,7.2
2013-10-19,0.0,9.06,1.4,sun,10.6,7.8
2013-10-20,0.0,9.06,2.4,sun,10.6,7.8
2013-10-21,0.0,9.83,2.5,sun,11.7,8.3
2013-10-22,0.0,10.44,1.9,sun,14.4,7.2
2013-10-23,0.0,9.12,0.4,sun,12.8,6.1
2013-10-24,0.0,7.86,0.6,sun,10.0,6.1
2013-10-25,0.0,9.78,1.8,sun,12.2,7.8
2013-10-26,0.0,9.83,2.7,sun,11.7,8.3
2013-10-27,1.8,10.82,4.4,rain,13.9,8.3
2013-10-28,0.0,10.44,5.1,sun,14.4,7.2
2013-10-29,0.0,7.8,2.2,sun,13.3,3.3
2013-10-30,0.5,9.83,3.9,rain,15.0,5.6
2013-10-31,0.3,12.31,2.2,rain,14.4,10.6
2013-11-01,1.3,14.44,1.4,rain,17.8,11.7
2013-11-02,12.7,11.05,7.9,rain,14.4,8.3
2013-11-03,0.5,7.91,2.4,rain,12.2,4.4
2013-11-04,0.0,6.91,1.6,drizzle,10.6,3.9
2013-11-05,2.5,9.94,3.1,rain,13.3,7.2
2013-11-06,3.8,10.05,1.7,rain,12.8,7.8
2013-11-07,30.0,10.5,7.2,rain,11.1,10.0
2013-11-08,0.0,9.94,4.1,sun,13.3,7.2
2013-11-09,1.8,7.74,1.4,rain,11.1,5.0
2013-11-10,0.0,9.56,4.4,sun,11.1,8.3
2013-11-11,0.0,10.6,2.6,fog,16.1,6.1
2013-11-12,4.1,11.92,2.2,rain,15.6,8.9
2013-11-13,0.0,12.08,3.8,sun,13.9,10.6
2013-11-14,1.3,8.35,1.1,rain,11.1,6.1
2013-11-15,3.0,8.73,6.0,rain,10.6,7.2
2013-11-16,0.0,7.25,4.6,sun,10.0,5.0
2013-11-17,5.3,9.22,5.4,rain,11.7,7.2
2013-11-18,26.2,10.93,3.9,rain,12.8,9.4
2013-11-19,1.0,8.41,5.1,rain,13.3,4.4
2013-11-20,0.0,4.44,4.3,sun,7.8,1.7
2013-11-21,0.0,3.24,3.6,sun,7.8,-0.5
2013-11-22,0.0,4.23,4.6,sun,9.4,0.0
2013-11-23,0.0,5.6,2.6,sun,11.1,1.1
2013-11-24,0.0,5.6,0.9,fog,11.7,0.6
2013-11-25,0.0,6.7,0.5,sun,12.2,2.2
2013-11-26,0.0,7.03,1.0,sun,12.2,2.8
2013-11-27,0.0,9.56,1.3,sun,14.4,5.6
2013-11-28,0.0,7.08,0.7,sun,11.7,3.3
2013-11-29,0.5,6.98,2.1,rain,9.4,5.0
2013-11-30,2.3,8.96,3.9,rain,11.1,7.2
2013-12-01,3.0,10.28,8.8,rain,13.3,7.8
2013-12-02,4.6,4.44,3.5,rain,7.8,1.7
2013-12-03,0.0,1.98,5.6,sun,5.0,-0.5
2013-12-04,0.0,0.82,1.6,sun,4.4,-2.1
2013-12-05,0.0,-2.2,2.6,sun,1.1,-4.9
2013-12-06,0.0,-1.87,4.7,sun,1.1,-4.3
2013-12-07,0.0,-3.9,3.1,sun,0.0,-7.1
2013-12-08,0.0,-2.64,2.2,sun,2.2,-6.6
2013-12-09,0.0,-2.2,1.3,sun,1.1,-4.9
2013-12-10,0.0,2.85,1.5,sun,5.6,0.6
2013-12-11,0.0,1.37,0.8,sun,5.0,-1.6
2013-12-12,6.9,2.24,2.3,rain,5.6,-0.5
2013-12-13,0.5,7.31,2.9,rain,9.4,5.6
2013-12-14,0.0,7.59,3.7,sun,9.4,6.1
2013-12-15,1.3,9.83,3.9,rain,11.7,8.3
2013-12-16,0.3,6.92,1.0,rain,10.0,4.4
2013-12-17,0.0,6.16,2.7,sun,8.3,4.4
2013-12-18,1.3,4.72,2.8,rain,7.8,2.2
2013-12-19,0.0,2.25,2.1,sun,5.0,0.0
2013-12-20,5.6,4.07,3.7,snow,8.3,0.6
2013-12-21,5.6,7.08,2.3,rain,8.9,5.6
2013-12-22,10.7,9.34,4.0,rain,10.6,8.3
2013-12-23,1.5,8.62,5.9,rain,11.7,6.1
2013-12-24,0.0,5.28,1.7,sun,8.3,2.8
2013-12-25,0.0,3.95,0.8,sun,6.7,1.7
2013-12-26,0.0,3.34,0.5,sun,6.7,0.6
2013-12-27,0.3,4.0,2.1,rain,8.9,0.0
2013-12-28,0.0,6.04,1.3,sun,9.4,3.3
2013-12-29,0.0,4.18,1.1,sun,7.2,1.7
2013-12-30,0.3,6.43,2.6,rain,8.9,4.4
2013-12-31,0.5,6.48,1.7,rain,8.3,5.0
2014-01-01,0.0,5.06,1.2,sun,7.2,3.3
2014-01-02,4.1,8.12,3.2,rain,10.6,6.1
2014-01-03,1.5,5.54,2.6,rain,8.9,2.8
2014-01-04,0.0,3.84,2.7,fog,7.8,0.6
2014-01-05,0.0,3.46,3.7,sun,8.3,-0.5
2014-01-06,0.3,3.24,2.6,rain,7.8,-0.5
2014-01-07,12.2,6.48,1.6,rain,8.3,5.0
2014-01-08,9.7,8.46,4.6,rain,10.0,7.2
2014-01-09,5.8,7.31,6.3,rain,9.4,5.6
2014-01-10,4.3,10.32,7.0,rain,12.8,8.3
2014-01-11,21.3,10.44,8.8,rain,14.4,7.2
2014-01-12,1.5,8.07,8.1,rain,11.1,5.6
2014-01-13,0.0,10.27,7.1,sun,10.6,10.0
2014-01-14,0.0,8.96,1.3,sun,11.1,7.2
2014-01-15,0.0,8.07,2.5,sun,11.1,5.6
2014-01-16,0.0,5.44,2.7,sun,6.7,4.4
2014-01-17,0.0,4.06,2.3,sun,5.6,2.8
2014-01-18,0.0,4.56,2.2,sun,9.4,0.6
2014-01-19,0.0,4.56,2.5,sun,6.1,3.3
2014-01-20,0.0,6.04,2.2,sun,10.0,2.8
2014-01-21,0.0,5.44,1.5,sun,10.0,1.7
2014-01-22,0.5,7.31,2.6,rain,9.4,5.6
2014-01-23,0.0,6.04,5.2,fog,10.0,2.8
2014-01-24,0.0,6.37,1.9,sun,12.8,1.1
2014-01-25,0.0,6.1,0.8,sun,12.2,1.1
2014-01-26,0.0,4.07,1.3,sun,8.3,0.6
2014-01-27,0.0,5.17,1.3,sun,9.4,1.7
2014-01-28,8.9,8.35,1.6,rain,11.1,6.1
2014-01-29,21.6,8.96,3.4,rain,11.1,7.2
2014-01-30,0.0,7.09,6.4,sun,8.3,6.1
2014-01-31,2.3,6.59,2.6,rain,7.8,5.6
2014-02-01,2.0,5.05,0.8,rain,7.8,2.8
2014-02-02,0.0,4.61,2.5,sun,8.9,1.1
2014-02-03,0.0,2.25,4.3,sun,5.0,0.0
2014-02-04,0.0,0.1,4.7,sun,2.8,-2.1
2014-02-05,0.0,-3.25,6.6,sun,-0.5,-5.5
2014-02-06,0.0,-4.02,4.5,sun,-1.6,-6.0
2014-02-07,0.0,-1.21,4.2,sun,3.3,-4.9
2014-02-08,5.1,2.24,4.6,snow,5.6,-0.5
2014-02-09,0.5,1.76,2.4,rain,3.9,0.0
2014-02-10,18.3,5.71,4.7,rain,10.0,2.2
2014-02-11,17.0,8.57,3.8,rain,12.2,5.6
2014-02-12,4.6,9.45,6.4,rain,12.2,7.2
2014-02-13,1.8,10.05,6.3,rain,12.8,7.8
2014-02-14,9.4,8.62,6.4,rain,11.7,6.1
2014-02-15,11.7,7.74,5.1,rain,11.1,5.0
2014-02-16,26.4,6.38,7.9,rain,9.4,3.9
2014-02-17,14.5,6.16,5.5,rain,8.3,4.4
2014-02-18,15.2,6.76,6.2,rain,8.9,5.0
2014-02-19,1.0,5.88,6.0,rain,8.3,3.9
2014-02-20,3.0,7.58,6.9,rain,10.0,5.6
2014-02-21,2.8,5.16,2.9,rain,6.7,3.9
2014-02-22,2.5,4.06,3.1,rain,5.6,2.8
2014-02-23,6.1,5.38,2.6,rain,7.2,3.9
2014-02-24,13.0,4.83,3.2,rain,6.7,3.3
2014-02-25,0.3,7.64,4.5,rain,12.2,3.9
2014-02-26,0.0,9.34,2.5,sun,13.9,5.6
2014-02-27,0.0,8.18,2.3,sun,12.8,4.4
2014-02-28,0.0,8.9,5.9,sun,14.4,4.4
2014-03-01,0.5,5.66,4.7,rain,7.2,4.4
2014-03-02,19.1,6.54,5.7,rain,11.1,2.8
2014-03-03,10.7,11.38,5.1,rain,14.4,8.9
2014-03-04,16.5,10.54,3.9,rain,13.9,7.8
2014-03-05,46.7,12.85,3.9,rain,15.6,10.6
2014-03-06,3.0,11.48,6.2,rain,13.3,10.0
2014-03-07,0.0,11.92,4.2,sun,15.6,8.9
2014-03-08,32.3,9.44,2.7,rain,12.8,6.7
2014-03-09,4.3,11.92,4.3,rain,15.0,9.4
2014-03-10,18.8,8.85,2.2,rain,12.2,6.1
2014-03-11,0.0,8.9,2.3,fog,14.4,4.4
2014-03-12,0.0,9.06,1.9,fog,16.1,3.3
2014-03-13,0.5,9.0,2.5,rain,13.9,5.0
2014-03-14,6.9,11.05,6.1,rain,14.4,8.3
2014-03-15,8.1,9.94,3.0,rain,16.7,4.4
2014-03-16,27.7,7.19,3.8,rain,10.6,4.4
2014-03-17,0.3,6.04,3.2,rain,10.0,2.8
2014-03-18,0.0,6.32,1.6,sun,10.0,3.3
2014-03-19,0.5,6.81,5.1,rain,11.1,3.3
2014-03-20,0.0,5.93,3.0,sun,11.1,1.7
2014-03-21,0.0,6.31,3.8,sun,10.6,2.8
2014-03-22,0.0,5.6,1.8,sun,11.1,1.1
2014-03-23,0.0,8.18,3.3,sun,12.8,4.4
2014-03-24,0.0,10.04,2.2,sun,18.9,2.8
2014-03-25,4.1,9.94,4.4,rain,13.9,6.7
2014-03-26,3.6,8.07,2.4,rain,11.1,5.6
2014-03-27,0.3,9.18,2.8,rain,12.2,6.7
2014-03-28,22.1,9.22,3.9,rain,11.7,7.2
2014-03-29,14.0,9.22,5.1,rain,11.7,7.2
2014-03-30,0.0,7.74,5.1,sun,11.1,5.0
2014-03-31,0.0,8.23,3.8,sun,15.6,2.2
2014-04-01,0.0,10.17,2.8,sun,14.4,6.7
2014-04-02,0.0,9.56,4.2,sun,14.4,5.6
2014-04-03,2.5,9.34,3.9,rain,13.3,6.1
2014-04-04,0.0,9.12,4.7,sun,12.8,6.1
2014-04-05,4.6,9.56,4.3,rain,11.7,7.8
2014-04-06,0.0,10.82,2.6,sun,13.9,8.3
2014-04-07,0.0,14.67,2.5,sun,21.1,9.4
2014-04-08,4.6,11.58,4.2,rain,15.6,8.3
2014-04-09,0.0,10.17,2.9,sun,14.4,6.7
2014-04-10,0.0,10.44,3.6,sun,15.0,6.7
2014-04-11,0.0,10.49,2.8,sun,17.2,5.0
2014-04-12,0.0,11.54,4.4,sun,16.1,7.8
2014-04-13,0.0,12.35,3.1,sun,20.6,5.6
2014-04-14,0.0,12.08,2.6,sun,20.0,5.6
2014-04-15,0.5,10.77,4.0,rain,14.4,7.8
2014-04-16,10.9,9.89,4.6,rain,11.1,8.9
2014-04-17,18.5,9.22,4.7,rain,11.7,7.2
2014-04-18,0.0,9.56,3.8,sun,14.4,5.6
2014-04-19,13.7,8.34,4.7,rain,11.7,5.6
2014-04-20,0.0,10.1,2.7,sun,15.6,5.6
2014-04-21,5.1,12.03,2.5,rain,17.2,7.8
2014-04-22,14.2,8.24,4.2,rain,12.2,5.0
2014-04-23,8.9,8.62,5.0,rain,11.7,6.1
2014-04-24,12.4,9.61,5.3,rain,13.9,6.1
2014-04-25,0.0,9.56,2.3,sun,14.4,5.6
2014-04-26,3.3,9.83,3.9,rain,15.0,5.6
2014-04-27,6.9,8.35,5.8,rain,11.1,6.1
2014-04-28,0.0,9.67,2.6,sun,16.1,4.4
2014-04-29,0.0,16.42,2.3,sun,25.0,9.4
2014-04-30,0.0,17.68,3.9,sun,27.8,9.4
2014-05-01,0.0,19.34,3.0,sun,29.4,11.1
2014-05-02,0.0,14.07,4.7,sun,18.3,10.6
2014-05-03,33.3,11.64,3.4,rain,15.0,8.9
2014-05-04,16.0,11.38,4.2,rain,14.4,8.9
2014-05-05,5.1,12.19,3.8,rain,15.6,9.4
2014-05-06,0.0,12.08,2.6,sun,16.7,8.3
2014-05-07,0.0,12.2,1.7,sun,18.3,7.2
2014-05-08,13.7,11.42,3.4,rain,13.9,9.4
2014-05-09,2.0,9.94,5.6,rain,13.3,7.2
2014-05-10,0.5,10.98,2.1,rain,15.6,7.2
2014-05-11,0.0,13.07,1.7,sun,18.9,8.3
2014-05-12,0.0,16.15,2.7,sun,24.4,9.4
2014-05-13,0.0,19.06,3.8,sun,26.7,12.8
2014-05-14,0.0,19.83,3.3,sun,27.8,13.3
2014-05-15,0.0,19.06,3.0,sun,26.7,12.8
2014-05-16,0.0,15.44,4.1,sun,20.0,11.7
2014-05-17,0.0,15.44,3.2,sun,20.0,11.7
2014-05-18,0.0,14.83,3.2,sun,20.0,10.6
2014-05-19,0.0,15.0,2.2,sun,21.1,10.0
2014-05-20,0.0,15.49,2.7,sun,22.2,10.0
2014-05-21,0.0,14.83,1.7,sun,20.0,10.6
2014-05-22,0.0,17.42,2.5,sun,24.4,11.7
2014-05-23,3.8,16.04,4.0,rain,20.0,12.8
2014-05-24,0.0,14.34,2.4,sun,18.3,11.1
2014-05-25,5.6,12.58,1.4,rain,15.0,10.6
2014-05-26,0.0,14.34,4.5,sun,18.3,11.1
2014-05-27,0.0,14.5,2.5,sun,20.0,10.0
2014-05-28,0.0,14.0,3.4,sun,18.9,10.0
2014-05-29,0.0,14.61,4.3,sun,18.9,11.1
2014-05-30,0.0,14.17,4.5,sun,20.6,8.9
2014-05-31,0.0,15.99,2.2,sun,23.3,10.0
2014-06-01,0.0,15.82,2.3,sun,22.2,10.6
2014-06-02,0.0,16.59,2.4,sun,23.3,11.1
2014-06-03,0.0,14.34,3.2,sun,18.3,11.1
2014-06-04,0.0,14.23,2.6,sun,19.4,10.0
2014-06-05,0.0,15.49,2.4,sun,22.2,10.0
2014-06-06,0.0,17.08,3.2,sun,25.0,10.6
2014-06-07,0.0,18.3,3.1,sun,24.4,13.3
2014-06-08,0.0,17.2,2.1,sun,23.3,12.2
2014-06-09,0.0,16.81,3.6,sun,21.1,13.3
2014-06-10,0.0,15.71,2.9,sun,20.0,12.2
2014-06-11,0.0,16.86,2.7,sun,23.9,11.1
2014-06-12,1.8,16.48,4.0,rain,21.7,12.2
2014-06-13,6.4,13.12,5.0,rain,15.6,11.1
2014-06-14,0.0,14.44,3.2,sun,17.8,11.7
2014-06-15,0.5,13.74,3.6,rain,18.3,10.0
2014-06-16,3.6,12.9,2.4,rain,17.8,8.9
2014-06-17,1.3,13.51,3.0,rain,17.8,10.0
2014-06-18,0.0,14.61,2.7,sun,18.9,11.1
2014-06-19,0.8,17.96,3.7,rain,25.6,11.7
2014-06-20,0.3,14.5,3.4,rain,20.0,10.0
2014-06-21,0.0,15.82,3.6,sun,22.2,10.6
2014-06-22,0.0,17.36,2.7,sun,25.0,11.1
2014-06-23,0.0,18.57,2.5,sun,25.0,13.3
2014-06-24,0.0,18.9,2.5,sun,24.4,14.4
2014-06-25,0.0,19.39,2.4,sun,26.1,13.9
2014-06-26,0.0,17.42,4.1,sun,21.1,14.4
2014-06-27,1.8,17.14,4.5,rain,21.1,13.9
2014-06-28,2.3,16.32,4.3,rain,20.0,13.3
2014-06-29,0.0,16.31,3.2,sun,20.6,12.8
2014-06-30,0.0,18.56,4.4,sun,25.6,12.8
2014-07-01,0.0,24.06,3.5,sun,34.4,15.6
2014-07-02,0.0,20.16,3.6,sun,27.2,14.4
2014-07-03,0.0,17.41,3.1,sun,21.7,13.9
2014-07-04,0.0,18.4,3.6,sun,23.9,13.9
2014-07-05,0.0,18.3,2.2,fog,24.4,13.3
2014-07-06,0.0,21.26,3.0,sun,28.9,15.0
2014-07-07,0.0,22.03,4.1,fog,27.2,17.8
2014-07-08,0.0,22.08,3.5,sun,30.0,15.6
2014-07-09,0.0,19.66,2.3,sun,26.7,13.9
2014-07-10,0.0,20.05,2.2,fog,28.9,12.8
2014-07-11,0.0,22.24,2.2,sun,31.1,15.0
2014-07-12,0.0,23.68,2.2,sun,32.2,16.7
2014-07-13,0.0,21.48,2.6,sun,29.4,15.0
2014-07-14,0.0,20.76,2.8,sun,27.8,15.0
2014-07-15,0.0,21.64,2.3,sun,31.1,13.9
2014-07-16,0.0,21.92,2.4,sun,31.1,14.4
2014-07-17,0.0,19.66,3.7,sun,26.7,13.9
2014-07-18,0.0,17.19,2.8,sun,23.9,11.7
2014-07-19,0.0,19.77,5.4,fog,25.6,15.0
2014-07-20,0.0,16.65,2.8,sun,19.4,14.4
2014-07-21,0.0,18.07,2.2,sun,23.9,13.3
2014-07-22,0.3,16.81,1.1,rain,21.1,13.3
2014-07-23,19.3,15.82,3.3,rain,18.9,13.3
2014-07-24,0.0,16.31,4.7,sun,20.6,12.8
2014-07-25,0.0,16.97,2.7,sun,22.8,12.2
2014-07-26,0.0,19.06,3.6,sun,26.1,13.3
2014-07-27,0.0,20.98,4.1,sun,28.3,15.0
2014-07-28,0.0,22.02,3.7,sun,30.6,15.0
2014-07-29,0.0,22.08,2.8,sun,30.0,15.6
2014-07-30,0.0,21.15,3.4,sun,29.4,14.4
2014-07-31,0.0,23.56,4.1,sun,30.6,17.8
2014-08-01,0.0,21.26,3.3,sun,28.9,15.0
2014-08-02,0.5,21.81,1.7,rain,29.4,15.6
2014-08-03,0.0,22.18,2.6,sun,31.7,14.4
2014-08-04,0.0,23.62,2.6,sun,32.8,16.1
2014-08-05,0.0,18.9,2.7,sun,25.0,13.9
2014-08-06,0.0,20.0,2.2,fog,26.1,15.0
2014-08-07,0.0,18.84,2.4,fog,25.6,13.3
2014-08-08,0.0,18.84,2.9,sun,25.6,13.3
2014-08-09,0.0,20.82,4.1,sun,27.2,15.6
2014-08-10,0.0,21.42,3.4,sun,30.6,13.9
2014-08-11,0.5,25.81,2.6,rain,35.6,17.8
2014-08-12,12.7,21.7,3.1,rain,27.2,17.2
2014-08-13,21.6,18.74,2.7,rain,23.3,15.0
2014-08-14,0.0,18.96,0.6,sun,21.1,17.2
2014-08-15,1.0,20.16,1.5,rain,24.4,16.7
2014-08-16,0.0,20.1,2.2,sun,25.6,15.6
2014-08-17,0.0,20.76,2.8,sun,27.8,15.0
2014-08-18,0.0,21.81,3.3,sun,29.4,15.6
2014-08-19,0.0,20.82,2.4,sun,27.2,15.6
2014-08-20,0.0,17.41,3.6,sun,21.7,13.9
2014-08-21,0.0,15.6,1.7,sun,21.1,11.1
2014-08-22,0.0,18.07,2.9,sun,23.9,13.3
2014-08-23,0.0,20.16,2.0,sun,27.8,13.9
2014-08-24,0.0,18.57,2.3,sun,25.0,13.3
2014-08-25,0.0,20.92,2.0,sun,28.9,14.4
2014-08-26,0.0,22.58,1.8,sun,31.1,15.6
2014-08-27,0.0,21.86,1.6,sun,28.9,16.1
2014-08-28,0.0,18.4,2.3,sun,23.3,14.4
2014-08-29,0.0,18.51,3.4,sun,22.8,15.0
2014-08-30,8.4,16.26,2.2,rain,17.8,15.0
2014-08-31,1.3,17.14,1.9,rain,21.1,13.9
2014-09-01,0.0,17.53,2.5,sun,23.3,12.8
2014-09-02,3.0,16.64,4.3,rain,20.0,13.9
2014-09-03,0.0,16.31,2.7,sun,20.6,12.8
2014-09-04,0.0,16.86,3.1,fog,23.9,11.1
2014-09-05,0.0,20.16,6.5,fog,27.8,13.9
2014-09-06,0.0,22.74,2.9,sun,32.2,15.0
2014-09-07,0.0,20.05,2.1,sun,28.3,13.3
2014-09-08,0.0,16.81,2.8,sun,21.1,13.3
2014-09-09,0.0,17.08,2.3,sun,21.7,13.3
2014-09-10,0.0,16.7,3.9,sun,22.2,12.2
2014-09-11,0.0,18.02,5.3,sun,24.4,12.8
2014-09-12,0.0,18.02,5.9,sun,24.4,12.8
2014-09-13,0.0,18.24,4.2,sun,28.3,10.0
2014-09-14,0.0,19.94,1.8,sun,30.0,11.7
2014-09-15,0.0,20.48,1.2,sun,30.6,12.2
2014-09-16,0.0,17.64,2.8,sun,22.2,13.9
2014-09-17,0.5,18.18,2.3,rain,22.8,14.4
2014-09-18,0.3,16.98,3.1,rain,19.4,15.0
2014-09-19,0.0,19.61,2.8,sun,23.9,16.1
2014-09-20,0.0,18.9,4.4,fog,24.4,14.4
2014-09-21,0.0,18.79,3.0,sun,26.1,12.8
2014-09-22,0.3,18.24,2.1,rain,22.2,15.0
2014-09-23,18.3,16.42,2.5,rain,18.9,14.4
2014-09-24,20.3,16.42,2.7,rain,18.9,14.4
2014-09-25,4.3,17.69,2.5,rain,21.7,14.4
2014-09-26,8.9,16.64,3.3,rain,20.0,13.9
2014-09-27,0.0,15.71,3.2,fog,20.6,11.7
2014-09-28,0.0,15.22,2.0,fog,18.9,12.2
2014-09-29,0.8,13.62,3.5,rain,16.7,11.1
2014-09-30,0.0,15.44,2.6,sun,19.4,12.2
2014-10-01,0.0,14.34,2.1,sun,18.3,11.1
2014-10-02,0.0,14.23,2.0,sun,19.4,10.0
2014-10-03,0.0,14.89,1.0,sun,22.2,8.9
2014-10-04,0.0,16.48,1.2,sun,21.7,12.2
2014-10-05,0.0,17.19,1.4,fog,23.9,11.7
2014-10-06,0.0,18.84,2.5,fog,25.6,13.3
2014-10-07,0.0,16.15,1.0,fog,18.9,13.9
2014-10-08,0.0,16.31,1.8,fog,20.6,12.8
2014-10-09,0.0,13.84,1.0,fog,17.2,11.1
2014-10-10,0.3,13.74,3.8,rain,18.3,10.0
2014-10-11,7.4,14.67,3.5,rain,18.3,11.7
2014-10-12,0.0,14.44,2.1,sun,17.8,11.7
2014-10-13,7.6,15.0,3.1,rain,21.1,10.0
2014-10-14,7.1,13.95,2.2,rain,16.7,11.7
2014-10-15,8.6,13.68,4.7,rain,16.1,11.7
2014-10-16,0.0,15.38,3.3,sun,20.6,11.1
2014-10-17,3.3,13.95,3.0,rain,16.7,11.7
2014-10-18,15.0,16.38,1.9,rain,19.4,13.9
2014-10-19,0.0,17.03,3.2,sun,22.2,12.8
2014-10-20,11.7,13.96,3.1,rain,16.1,12.2
2014-10-21,1.0,13.68,4.7,rain,16.1,11.7
2014-10-22,32.0,13.46,5.0,rain,15.6,11.7
2014-10-23,9.4,11.05,4.6,rain,14.4,8.3
2014-10-24,4.1,11.38,3.2,rain,14.4,8.9
2014-10-25,6.1,12.08,5.4,rain,16.7,8.3
2014-10-26,1.5,10.05,5.0,rain,12.8,7.8
2014-10-27,0.8,10.7,2.4,rain,15.6,6.7
2014-10-28,12.7,11.92,3.9,rain,15.0,9.4
2014-10-29,0.5,13.95,3.1,rain,16.7,11.7
2014-10-30,25.4,13.12,3.2,rain,15.6,11.1
2014-10-31,17.0,10.32,2.0,rain,12.8,8.3
2014-11-01,0.0,8.96,1.2,fog,11.1,7.2
2014-11-02,1.8,9.94,2.9,rain,13.3,7.2
2014-11-03,10.9,12.36,4.8,rain,13.9,11.1
2014-11-04,4.1,12.31,3.3,rain,14.4,10.6
2014-11-05,4.8,12.58,2.1,rain,15.0,10.6
2014-11-06,4.1,13.34,6.7,rain,16.7,10.6
2014-11-07,0.0,10.44,2.3,sun,14.4,7.2
2014-11-08,0.0,7.91,0.8,fog,12.8,3.9
2014-11-09,5.1,10.28,3.0,rain,13.3,7.8
2014-11-10,0.0,8.07,3.9,sun,11.1,5.6
2014-11-11,0.0,4.12,7.7,sun,7.8,1.1
2014-11-12,0.0,3.02,7.6,sun,6.7,0.0
2014-11-13,0.0,3.57,4.7,sun,7.2,0.6
2014-11-14,0.0,2.08,4.5,sun,7.2,-2.1
2014-11-15,0.0,2.86,4.2,sun,8.3,-1.6
2014-11-16,0.0,3.08,4.2,sun,9.4,-2.1
2014-11-17,0.0,3.61,1.9,sun,10.6,-2.1
2014-11-18,0.0,2.97,0.9,sun,7.2,-0.5
2014-11-19,0.0,6.2,1.9,sun,11.1,2.2
2014-11-20,3.6,8.07,2.1,rain,11.1,5.6
2014-11-21,15.2,9.56,4.7,rain,11.1,8.3
2014-11-22,0.5,7.92,4.7,rain,9.4,6.7
2014-11-23,11.9,8.84,5.1,rain,12.8,5.6
2014-11-24,1.3,7.68,3.8,rain,11.7,4.4
2014-11-25,18.3,11.42,4.5,rain,13.9,9.4
2014-11-26,0.3,13.46,3.9,rain,15.0,12.2
2014-11-27,3.3,12.92,6.6,rain,14.4,11.7
2014-11-28,34.3,7.58,5.8,rain,12.8,3.3
2014-11-29,3.6,-0.38,5.3,snow,4.4,-4.3
2014-11-30,0.0,-1.44,4.4,sun,2.8,-4.9
2014-12-01,0.0,0.22,2.2,sun,4.4,-3.2
2014-12-02,0.0,0.76,5.7,fog,5.6,-3.2
2014-12-03,0.0,4.5,3.6,sun,10.0,0.0
2014-12-04,0.8,5.88,1.1,rain,8.3,3.9
2014-12-05,3.0,9.44,3.1,rain,12.8,6.7
2014-12-06,7.4,9.56,3.6,rain,11.7,7.8
2014-12-07,0.0,9.84,2.8,sun,14.4,6.1
2014-12-08,9.1,11.38,4.2,rain,14.4,8.9
2014-12-09,9.9,13.08,5.1,rain,16.1,10.6
2014-12-10,13.0,14.0,6.7,rain,18.9,10.0
2014-12-11,6.9,11.05,6.4,rain,14.4,8.3
2014-12-12,0.0,8.96,3.7,sun,11.1,7.2
2014-12-13,0.0,6.64,1.1,fog,10.0,3.9
2014-12-14,0.0,6.7,3.5,fog,12.8,1.7
2014-12-15,0.0,9.18,5.9,sun,12.2,6.7
2014-12-16,0.0,9.07,4.0,sun,10.0,8.3
2014-12-17,2.8,7.36,1.6,rain,8.9,6.1
2014-12-18,13.0,7.92,3.1,rain,9.4,6.7
2014-12-19,3.0,8.96,4.3,rain,11.1,7.2
2014-12-20,19.6,9.44,5.5,rain,12.8,6.7
2014-12-21,0.0,11.26,5.2,sun,12.8,10.0
2014-12-22,0.0,8.12,1.5,sun,10.6,6.1
2014-12-23,20.6,8.24,3.8,rain,12.2,5.0
2014-12-24,5.3,5.38,1.8,rain,7.2,3.9
2014-12-25,0.0,5.05,2.2,fog,7.8,2.8
2014-12-26,0.0,3.46,1.2,fog,5.6,1.7
2014-12-27,3.3,6.65,4.9,rain,9.4,4.4
2014-12-28,4.1,4.56,1.8,rain,6.7,2.8
2014-12-29,0.0,3.08,4.3,fog,6.1,0.6
2014-12-30,0.0,0.33,3.6,sun,3.3,-2.1
2014-12-31,0.0,-0.0,3.0,sun,3.3,-2.7
2015-01-01,0.0,0.76,1.2,sun,5.6,-3.2
2015-01-02,1.5,2.52,2.3,rain,5.6,0.0
2015-01-03,0.0,3.18,1.7,fog,5.0,1.7
2015-01-04,10.2,6.58,4.5,rain,10.6,3.3
2015-01-05,8.1,10.66,6.4,rain,12.2,9.4
2015-01-06,0.0,8.85,1.3,fog,12.2,6.1
2015-01-07,0.0,6.59,1.6,fog,7.8,5.6
2015-01-08,0.0,4.44,2.6,fog,7.8,1.7
2015-01-09,0.3,6.32,0.6,rain,10.0,3.3
2015-01-10,5.8,6.86,0.5,rain,7.8,6.1
2015-01-11,1.5,8.19,1.1,rain,9.4,7.2
2015-01-12,0.0,7.42,1.6,fog,11.1,4.4
2015-01-13,0.0,5.77,2.7,fog,9.4,2.8
2015-01-14,0.0,3.08,2.8,fog,6.1,0.6
2015-01-15,9.7,4.12,3.2,rain,7.8,1.1
2015-01-16,0.0,8.34,4.5,fog,11.7,5.6
2015-01-17,26.2,7.8,2.8,rain,13.3,3.3
2015-01-18,21.3,10.22,6.6,rain,13.9,7.2
2015-01-19,0.5,7.86,2.8,rain,10.0,6.1
2015-01-20,0.0,6.32,3.0,fog,10.0,3.3
2015-01-21,0.0,2.97,1.3,fog,7.2,-0.5
2015-01-22,0.8,7.59,1.3,rain,9.4,6.1
2015-01-23,5.8,10.06,2.6,rain,12.2,8.3
2015-01-24,0.5,12.58,3.3,rain,14.4,11.1
2015-01-25,0.0,11.7,1.4,fog,17.2,7.2
2015-01-26,0.0,10.6,2.2,fog,16.1,6.1
2015-01-27,0.8,9.56,2.0,rain,11.1,8.3
2015-01-28,0.0,8.24,1.8,fog,12.2,5.0
2015-01-29,0.0,7.3,2.9,sun,12.2,3.3
2015-01-30,0.0,4.34,0.8,fog,8.3,1.1
2015-01-31,0.0,5.06,1.9,fog,7.2,3.3
2015-02-01,1.5,6.65,2.6,rain,9.4,4.4
2015-02-02,7.4,7.74,4.0,rain,11.1,5.0
2015-02-03,1.3,7.58,1.9,rain,10.0,5.6
2015-02-04,8.4,7.19,1.7,rain,10.6,4.4
2015-02-05,26.2,10.55,4.6,rain,13.3,8.3
2015-02-06,17.3,11.98,4.5,rain,14.4,10.0
2015-02-07,23.6,10.66,4.6,rain,12.2,9.4
2015-02-08,3.6,11.32,3.9,rain,15.0,8.3
2015-02-09,6.1,10.55,2.5,rain,13.3,8.3
2015-02-10,0.3,10.32,4.0,rain,12.8,8.3
2015-02-11,0.0,8.84,1.0,fog,12.8,5.6
2015-02-12,1.0,12.68,2.1,rain,16.7,9.4
2015-02-13,0.0,10.7,1.7,fog,15.6,6.7
2015-02-14,0.3,10.17,2.9,rain,14.4,6.7
2015-02-15,0.0,7.64,4.8,sun,12.2,3.9
2015-02-16,0.0,9.83,6.6,fog,15.0,5.6
2015-02-17,0.0,9.67,4.0,sun,16.1,4.4
2015-02-18,0.0,7.91,2.6,sun,12.2,4.4
2015-02-19,4.6,9.34,2.2,rain,10.6,8.3
2015-02-20,0.8,8.96,0.9,rain,11.1,7.2
2015-02-21,0.0,8.57,4.5,sun,12.2,5.6
2015-02-22,0.0,7.08,4.2,sun,11.7,3.3
2015-02-23,0.0,6.09,1.4,sun,12.8,0.6
2015-02-24,0.0,6.2,1.5,sun,11.1,2.2
2015-02-25,4.1,8.18,1.0,rain,10.0,6.7
2015-02-26,9.4,9.56,1.4,rain,11.7,7.8
2015-02-27,18.3,8.18,4.0,rain,10.0,6.7
2015-02-28,0.0,7.3,5.1,sun,12.2,3.3
2015-03-01,0.0,5.6,2.2,sun,11.1,1.1
2015-03-02,0.0,7.42,4.8,sun,11.1,4.4
2015-03-03,0.0,4.77,2.1,sun,10.6,0.0
2015-03-04,0.0,5.48,1.8,sun,12.8,-0.5
2015-03-05,0.0,7.52,1.3,sun,13.3,2.8
2015-03-06,0.0,8.56,1.4,sun,15.0,3.3
2015-03-07,0.0,9.66,2.7,fog,16.7,3.9
2015-03-08,0.0,9.88,1.7,fog,17.2,3.9
2015-03-09,0.0,8.9,1.8,fog,14.4,4.4
2015-03-10,0.8,8.74,2.6,rain,13.3,5.0
2015-03-11,2.5,11.38,3.1,rain,14.4,8.9
2015-03-12,0.0,13.18,3.2,sun,17.8,9.4
2015-03-13,2.0,12.03,2.2,rain,17.2,7.8
2015-03-14,17.0,11.42,3.8,rain,13.9,9.4
2015-03-15,55.9,8.12,4.2,rain,10.6,6.1
2015-03-16,1.0,9.61,3.0,rain,13.9,6.1
2015-03-17,0.8,8.41,2.6,rain,13.3,4.4
2015-03-18,0.0,10.98,2.5,sun,15.6,7.2
2015-03-19,0.0,11.58,1.9,sun,15.6,8.3
2015-03-20,4.1,11.15,1.9,rain,13.9,8.9
2015-03-21,3.8,10.55,4.7,rain,13.3,8.3
2015-03-22,1.0,8.62,2.3,rain,11.7,6.1
2015-03-23,8.1,8.07,2.8,rain,11.1,5.6
2015-03-24,7.6,9.12,3.9,rain,12.8,6.1
2015-03-25,5.1,10.44,4.4,rain,14.4,7.2
2015-03-26,0.0,14.77,2.2,sun,20.6,10.0
2015-03-27,1.0,13.13,4.0,rain,18.3,8.9
2015-03-28,0.0,12.19,5.7,sun,15.6,9.4
2015-03-29,0.0,11.92,3.0,sun,15.6,8.9
2015-03-30,1.8,13.84,2.9,rain,17.8,10.6
2015-03-31,1.0,9.12,4.2,rain,12.8,6.1
2015-04-01,5.1,8.84,3.2,rain,12.8,5.6
2015-04-02,0.0,9.07,2.4,sun,13.3,5.6
2015-04-03,1.5,7.74,3.6,rain,11.1,5.0
2015-04-04,0.0,7.91,1.7,sun,12.8,3.9
2015-04-05,0.0,9.06,2.4,sun,16.7,2.8
2015-04-06,1.0,9.94,3.5,rain,13.9,6.7
2015-04-07,0.5,10.17,3.9,rain,14.4,6.7
2015-04-08,0.0,11.1,1.7,sun,17.2,6.1
2015-04-09,0.0,11.1,2.3,sun,17.2,6.1
2015-04-10,10.9,10.54,4.6,rain,13.9,7.8
2015-04-11,0.0,8.34,6.5,sun,11.7,5.6
2015-04-12,0.0,9.07,3.6,sun,13.3,5.6
2015-04-13,14.0,7.41,3.6,rain,11.7,3.9
2015-04-14,3.3,6.8,3.3,rain,11.7,2.8
2015-04-15,0.0,8.07,2.4,sun,13.9,3.3
2015-04-16,0.0,10.15,3.1,sun,17.8,3.9
2015-04-17,0.0,11.86,3.6,sun,18.9,6.1
2015-04-18,0.0,13.07,3.9,sun,18.9,8.3
2015-04-19,0.0,14.06,3.6,sun,21.1,8.3
2015-04-20,0.0,14.55,2.6,sun,22.8,7.8
2015-04-21,5.6,11.42,3.4,rain,17.2,6.7
2015-04-22,0.0,9.77,2.3,sun,15.6,5.0
2015-04-23,3.0,9.18,4.1,rain,12.2,6.7
2015-04-24,3.3,8.85,5.0,rain,12.2,6.1
2015-04-25,1.3,9.07,3.0,rain,13.3,5.6
2015-04-26,0.0,9.44,2.7,fog,15.6,4.4
2015-04-27,0.3,17.08,2.3,rain,25.0,10.6
2015-04-28,1.8,11.92,4.3,rain,15.6,8.9
2015-04-29,0.0,11.21,4.7,sun,16.1,7.2
2015-04-30,0.0,12.03,2.1,sun,17.2,7.8
2015-05-01,0.0,13.13,3.7,sun,18.3,8.9
2015-05-02,0.0,12.53,3.7,sun,18.3,7.8
2015-05-03,0.0,13.56,2.6,sun,20.6,7.8
2015-05-04,0.0,11.7,5.2,sun,17.2,7.2
2015-05-05,6.1,10.44,5.1,rain,14.4,7.2
2015-05-06,0.0,11.48,2.6,fog,16.7,7.2
2015-05-07,0.0,12.63,3.0,sun,20.6,6.1
2015-05-08,0.0,15.32,3.0,sun,23.9,8.3
2015-05-09,0.0,17.19,2.6,sun,26.7,9.4
2015-05-10,0.0,14.84,2.8,sun,19.4,11.1
2015-05-11,0.0,11.76,2.5,fog,13.9,10.0
2015-05-12,4.3,12.85,3.3,rain,15.6,10.6
2015-05-13,4.1,10.99,2.8,rain,12.2,10.0
2015-05-14,0.3,13.18,2.0,rain,17.8,9.4
2015-05-15,0.0,14.17,2.8,fog,20.0,9.4
2015-05-16,0.0,13.12,3.0,sun,15.6,11.1
2015-05-17,0.0,14.56,2.1,sun,19.4,10.6
2015-05-18,0.0,18.23,3.0,sun,25.6,12.2
2015-05-19,0.0,16.2,2.6,sun,21.7,11.7
2015-05-20,0.0,16.32,1.8,fog,23.3,10.6
2015-05-21,0.0,17.96,2.1,sun,25.6,11.7
2015-05-22,0.0,13.95,3.7,sun,16.7,11.7
2015-05-23,0.0,13.68,2.6,sun,16.1,11.7
2015-05-24,0.0,14.12,2.7,sun,17.8,11.1
2015-05-25,0.0,13.12,2.7,sun,15.6,11.1
2015-05-26,0.0,16.2,2.1,sun,21.7,11.7
2015-05-27,0.0,17.42,1.8,sun,24.4,11.7
2015-05-28,0.0,19.22,2.1,sun,27.8,12.2
2015-05-29,0.0,18.79,2.5,sun,26.1,12.8
2015-05-30,0.0,15.76,2.5,sun,22.8,10.0
2015-05-31,0.0,17.69,2.2,sun,25.0,11.7
2015-06-01,4.6,13.68,3.4,rain,16.1,11.7
2015-06-02,0.5,15.05,5.0,rain,17.8,12.8
2015-06-03,0.0,15.44,3.0,sun,20.0,11.7
2015-06-04,0.0,16.7,3.9,sun,22.8,11.7
2015-06-05,0.0,19.06,4.3,sun,26.7,12.8
2015-06-06,0.0,20.54,2.6,sun,29.4,13.3
2015-06-07,0.0,22.58,3.2,sun,31.1,15.6
2015-06-08,0.0,21.69,3.5,sun,30.6,14.4
2015-06-09,0.0,20.92,2.7,sun,28.9,14.4
2015-06-10,0.0,17.62,3.0,sun,25.6,11.1
2015-06-11,0.0,17.08,3.5,sun,24.4,11.1
2015-06-12,0.0,15.44,2.3,sun,20.0,11.7
2015-06-13,0.0,15.92,2.6,sun,23.9,9.4
2015-06-14,0.0,18.94,3.7,sun,27.8,11.7
2015-06-15,0.0,22.36,3.5,drizzle,30.0,16.1
2015-06-16,0.0,16.37,3.0,sun,22.8,11.1
2015-06-17,0.0,17.36,3.1,sun,25.0,11.1
2015-06-18,0.0,18.62,3.0,sun,24.4,13.9
2015-06-19,0.5,18.07,3.2,rain,23.9,13.3
2015-06-20,0.0,18.29,4.3,sun,25.0,12.8
2015-06-21,0.0,19.17,3.4,sun,25.6,13.9
2015-06-22,0.0,18.29,2.4,sun,25.0,12.8
2015-06-23,0.0,18.18,2.4,sun,26.1,11.7
2015-06-24,0.0,20.38,2.6,sun,25.6,16.1
2015-06-25,0.0,22.35,3.0,sun,30.6,15.6
2015-06-26,0.0,24.06,4.7,sun,31.7,17.8
2015-06-27,0.0,24.44,3.9,sun,33.3,17.2
2015-06-28,0.3,22.8,2.1,rain,28.3,18.3
2015-06-29,0.0,22.46,2.7,sun,28.9,17.2
2015-06-30,0.0,22.02,3.4,fog,30.6,15.0
2015-07-01,0.0,23.95,4.3,sun,32.2,17.2
2015-07-02,0.0,25.04,3.4,sun,33.9,17.8
2015-07-03,0.0,24.78,2.6,sun,33.3,17.8
2015-07-04,0.0,23.24,2.9,sun,33.3,15.0
2015-07-05,0.0,23.94,2.1,sun,32.8,16.7
2015-07-06,0.0,21.81,3.2,drizzle,29.4,15.6
2015-07-07,0.0,19.89,2.4,sun,27.2,13.9
2015-07-08,0.0,21.42,1.9,drizzle,30.0,14.4
2015-07-09,0.0,20.92,3.4,sun,28.9,14.4
2015-07-10,0.0,18.68,3.7,sun,21.1,16.7
2015-07-11,0.0,19.18,3.0,sun,22.2,16.7
2015-07-12,0.0,20.93,2.2,sun,26.1,16.7
2015-07-13,0.0,20.38,3.1,sun,25.6,16.1
2015-07-14,0.0,21.36,3.3,sun,27.8,16.1
2015-07-15,0.0,19.67,3.2,sun,26.1,14.4
2015-07-16,0.0,20.0,2.8,sun,26.1,15.0
2015-07-17,0.0,20.16,3.3,sun,27.8,13.9
2015-07-18,0.0,24.78,3.4,sun,33.3,17.8
2015-07-19,0.0,25.21,3.3,sun,35.0,17.2
2015-07-20,0.0,21.2,3.9,sun,26.7,16.7
2015-07-21,0.0,19.0,2.4,sun,23.9,15.0
2015-07-22,0.0,18.4,2.8,sun,23.9,13.9
2015-07-23,0.0,19.67,1.9,sun,26.1,14.4
2015-07-24,0.3,17.58,3.8,rain,22.8,13.3
2015-07-25,0.0,17.42,2.4,fog,21.1,14.4
2015-07-26,2.0,17.64,2.6,rain,22.2,13.9
2015-07-27,0.0,17.2,1.9,fog,23.3,12.2
2015-07-28,0.0,20.16,3.4,sun,27.8,13.9
2015-07-29,0.0,22.41,3.8,sun,32.2,14.4
2015-07-30,0.0,24.94,3.5,sun,34.4,17.2
2015-07-31,0.0,25.27,2.6,sun,34.4,17.8
2015-08-01,0.0,23.56,3.1,sun,33.3,15.6
2015-08-02,0.0,22.63,2.0,sun,30.6,16.1
2015-08-03,0.0,22.2,2.3,sun,28.3,17.2
2015-08-04,0.0,19.67,2.6,fog,26.1,14.4
2015-08-05,0.0,17.2,3.5,sun,23.3,12.2
2015-08-06,0.0,19.5,2.9,sun,25.0,15.0
2015-08-07,0.0,21.32,3.7,sun,28.3,15.6
2015-08-08,0.0,19.83,3.6,fog,25.0,15.6
2015-08-09,0.0,20.98,2.2,sun,28.3,15.0
2015-08-10,0.0,21.86,2.4,sun,28.9,16.1
2015-08-11,0.0,22.68,4.4,sun,30.0,16.7
2015-08-12,7.6,21.92,2.7,rain,28.3,16.7
2015-08-13,0.0,21.32,2.2,sun,28.3,15.6
2015-08-14,30.5,16.48,5.2,rain,18.3,15.0
2015-08-15,0.0,17.41,3.7,sun,21.7,13.9
2015-08-16,0.0,19.17,3.7,sun,25.0,14.4
2015-08-17,0.0,19.89,3.0,sun,27.2,13.9
2015-08-18,0.0,21.75,3.0,sun,30.0,15.0
2015-08-19,0.0,23.12,2.1,drizzle,31.7,16.1
2015-08-20,2.0,18.18,4.2,rain,22.8,14.4
2015-08-21,0.0,17.91,2.6,sun,22.2,14.4
2015-08-22,0.0,18.73,2.5,drizzle,26.7,12.2
2015-08-23,0.0,20.16,1.8,drizzle,27.8,13.9
2015-08-24,0.0,17.46,2.3,sun,23.9,12.2
2015-08-25,0.0,18.23,3.4,sun,25.6,12.2
2015-08-26,0.0,20.38,1.7,sun,28.3,13.9
2015-08-27,0.0,21.15,2.1,sun,29.4,14.4
2015-08-28,0.5,19.07,2.6,rain,23.3,15.6
2015-08-29,32.5,17.3,5.8,rain,22.2,13.3
2015-08-30,10.2,16.04,4.7,rain,20.0,12.8
2015-08-31,0.0,17.36,5.8,sun,18.9,16.1
2015-09-01,5.8,16.38,5.0,rain,19.4,13.9
2015-09-02,0.0,14.84,3.8,sun,19.4,11.1
2015-09-03,0.0,14.07,2.9,sun,18.3,10.6
2015-09-04,0.0,13.74,2.9,sun,18.3,10.0
2015-09-05,0.3,14.17,3.5,rain,20.6,8.9
2015-09-06,5.3,13.68,2.4,rain,16.1,11.7
2015-09-07,0.3,16.81,1.5,rain,21.1,13.3
2015-09-08,0.0,17.58,2.4,sun,22.8,13.3
2015-09-09,0.0,18.62,3.3,sun,24.4,13.9
2015-09-10,0.0,19.17,3.6,fog,25.0,14.4
2015-09-11,0.0,20.49,3.1,sun,27.2,15.0
2015-09-12,0.0,19.94,2.1,sun,26.7,14.4
2015-09-13,0.5,16.31,3.0,rain,20.6,12.8
2015-09-14,0.0,13.34,3.4,sun,16.7,10.6
2015-09-15,0.0,13.51,2.8,sun,17.8,10.0
2015-09-16,1.0,14.5,1.9,rain,20.0,10.0
2015-09-17,1.8,15.28,3.8,rain,18.3,12.8
2015-09-18,0.0,15.77,2.6,sun,19.4,12.8
2015-09-19,0.0,17.42,4.3,sun,21.1,14.4
2015-09-20,4.1,16.97,6.8,rain,22.8,12.2
2015-09-21,0.0,13.4,2.7,fog,18.3,9.4
2015-09-22,0.0,12.79,2.0,sun,18.9,7.8
2015-09-23,0.0,13.84,1.8,sun,20.6,8.3
2015-09-24,0.0,16.1,2.5,fog,22.2,11.1
2015-09-25,2.0,14.06,2.6,rain,15.6,12.8
2015-09-26,0.0,13.74,2.7,sun,18.3,10.0
2015-09-27,0.0,11.97,3.8,sun,17.8,7.2
2015-09-28,0.0,14.67,5.1,sun,21.1,9.4
2015-09-29,0.0,14.66,1.9,sun,21.7,8.9
2015-09-30,0.0,13.74,1.3,fog,18.3,10.0
2015-10-01,0.0,14.67,1.3,fog,21.1,9.4
2015-10-02,0.0,12.52,2.9,fog,15.6,10.0
2015-10-03,0.0,14.84,4.8,sun,19.4,11.1
2015-10-04,0.0,15.76,3.7,sun,22.8,10.0
2015-10-05,0.0,15.66,1.6,sun,23.3,9.4
2015-10-06,0.0,13.74,2.6,drizzle,18.3,10.0
2015-10-07,9.9,14.89,2.2,rain,16.1,13.9
2015-10-08,0.0,15.82,1.1,fog,18.9,13.3
2015-10-09,0.3,15.44,2.6,rain,19.4,12.2
2015-10-10,28.7,16.81,4.7,rain,21.1,13.3
2015-10-11,0.0,13.84,2.6,sun,17.8,10.6
2015-10-12,4.6,14.07,2.8,rain,18.3,10.6
2015-10-13,1.3,12.68,3.2,rain,16.7,9.4
2015-10-14,0.0,12.25,5.0,fog,15.0,10.0
2015-10-15,0.0,14.67,3.4,fog,21.1,9.4
2015-10-16,0.0,13.9,1.3,sun,20.0,8.9
2015-10-17,0.3,15.16,1.3,rain,19.4,11.7
2015-10-18,3.8,13.79,2.0,rain,15.0,12.8
2015-10-19,0.3,14.45,2.6,rain,17.2,12.2
2015-10-20,0.0,13.84,1.8,fog,17.8,10.6
2015-10-21,0.0,11.81,1.3,fog,16.1,8.3
2015-10-22,0.0,12.14,2.7,fog,16.1,8.9
2015-10-23,0.0,9.72,2.6,fog,12.8,7.2
2015-10-24,0.0,11.64,2.9,fog,15.0,8.9
2015-10-25,8.9,13.62,3.4,rain,19.4,8.9
2015-10-26,6.9,10.99,4.6,rain,12.2,10.0
2015-10-27,0.0,11.54,1.7,fog,16.1,7.8
2015-10-28,3.3,12.36,2.8,rain,13.9,11.1
2015-10-29,1.8,13.46,4.7,rain,15.0,12.2
2015-10-30,19.3,14.18,6.7,rain,17.2,11.7
2015-10-31,33.0,13.46,7.2,rain,15.6,11.7
2015-11-01,26.2,10.39,6.0,rain,12.2,8.9
2015-11-02,0.3,8.96,2.8,rain,11.1,7.2
2015-11-03,0.8,7.52,1.4,rain,10.6,5.0
2015-11-04,0.0,6.32,2.2,sun,10.0,3.3
2015-11-05,1.3,9.56,2.3,rain,11.7,7.8
2015-11-06,0.0,11.58,2.7,fog,15.6,8.3
2015-11-07,12.7,10.66,3.0,rain,12.2,9.4
2015-11-08,6.6,9.28,1.8,rain,11.1,7.8
2015-11-09,3.3,7.25,1.3,rain,10.0,5.0
2015-11-10,1.3,7.14,3.9,rain,11.1,3.9
2015-11-11,1.5,8.35,4.6,rain,11.1,6.1
2015-11-12,9.9,7.74,5.1,rain,11.1,5.0
2015-11-13,33.5,11.16,6.5,rain,13.3,9.4
2015-11-14,47.2,7.59,4.5,rain,9.4,6.1
2015-11-15,22.4,5.22,4.1,rain,8.9,2.2
2015-11-16,2.0,4.94,4.0,rain,8.9,1.7
2015-11-17,29.5,9.67,8.0,rain,13.3,6.7
2015-11-18,1.5,5.82,3.8,rain,8.9,3.3
2015-11-19,2.0,5.54,4.2,rain,8.9,2.8
2015-11-20,0.0,4.07,4.0,fog,8.3,0.6
2015-11-21,0.0,4.34,4.7,sun,8.9,0.6
2015-11-22,0.0,5.44,3.1,fog,10.0,1.7
2015-11-23,3.0,3.02,1.3,rain,6.7,0.0
2015-11-24,7.1,4.56,4.5,rain,6.7,2.8
2015-11-25,0.0,3.24,5.7,sun,7.2,0.0
2015-11-26,0.0,3.68,4.3,sun,9.4,-1.0
2015-11-27,0.0,3.35,3.0,sun,9.4,-1.6
2015-11-28,0.0,1.76,1.0,sun,7.2,-2.7
2015-11-29,0.0,-0.39,0.9,fog,1.7,-2.1
2015-11-30,0.5,0.43,1.7,rain,5.6,-3.8
2015-12-01,12.2,6.64,3.5,rain,10.0,3.9
2015-12-02,2.5,7.19,5.0,rain,10.6,4.4
2015-12-03,12.7,11.31,5.9,rain,15.6,7.8
2015-12-04,2.0,8.12,4.7,rain,10.6,6.1
2015-12-05,15.7,7.86,4.0,rain,10.0,6.1
2015-12-06,11.2,9.72,5.9,rain,12.8,7.2
2015-12-07,27.4,9.56,3.4,rain,11.1,8.3
2015-12-08,54.1,12.52,6.2,rain,15.6,10.0
2015-12-09,13.5,9.78,6.3,rain,12.2,7.8
2015-12-10,9.4,8.62,7.5,rain,11.7,6.1
2015-12-11,0.3,6.65,2.8,rain,9.4,4.4
2015-12-12,16.0,7.08,5.6,rain,8.9,5.6
2015-12-13,1.3,6.86,6.1,rain,7.8,6.1
2015-12-14,0.0,4.44,1.7,sun,7.8,1.7
2015-12-15,1.5,3.62,2.9,rain,6.7,1.1
2015-12-16,3.6,4.28,2.3,rain,6.1,2.8
2015-12-17,21.8,5.16,6.0,rain,6.7,3.9
2015-12-18,18.5,6.43,5.1,rain,8.9,4.4
2015-12-19,0.0,5.28,4.1,fog,8.3,2.8
2015-12-20,4.3,5.93,6.7,rain,7.8,4.4
2015-12-21,27.4,4.06,4.3,rain,5.6,2.8
2015-12-22,4.6,5.05,5.0,rain,7.8,2.8
2015-12-23,6.1,3.79,7.6,rain,5.0,2.8
2015-12-24,2.5,3.73,4.3,rain,5.6,2.2
2015-12-25,5.8,3.46,1.5,rain,5.0,2.2
2015-12-26,0.0,1.98,2.5,sun,4.4,0.0
2015-12-27,8.6,2.92,2.9,rain,4.4,1.7
2015-12-28,1.5,3.18,1.3,rain,5.0,1.7
2015-12-29,0.0,3.57,2.6,fog,7.2,0.6
2015-12-30,0.0,1.97,3.4,sun,5.6,-1.0
2015-12-31,0.0,1.36,3.5,sun,5.6,-2.1
